claim_id,policy_id,facility_id,claim_date,claim_type,claim_amount,approved_amount,status,created_at
CL0000001,P0000001,11-04030005,2025-07-22,INPATIENT,48942.89,48942.89,APPROVED,2025-07-22 03:03:21+00:00
CL0000002,P0000007,21-08030182,2025-11-05,OUTPATIENT,738.65,738.65,APPROVED,2025-11-05 11:15:09+00:00
CL0000003,P0000018,21-14010036,2025-12-30,OUTPATIENT,130.30,130.30,APPROVED,2025-12-30 06:02:09+00:00
CL0000004,P0000025,11-14010007,2025-12-31,INPATIENT,5631.34,5631.34,APPROVED,2025-12-31 22:41:23+00:00
CL0000005,P0000032,11-02080016,2025-09-19,INPATIENT,10459.68,10459.68,APPROVED,2025-09-19 02:26:04+00:00
CL0000006,P0000040,11-06050013,2025-01-26,EMERGENCY,3928.12,0.00,REJECTED,2025-01-26 21:48:38+00:00
CL0000007,P0000041,21-11010035D,2025-11-16,DENTAL,263.55,263.55,APPROVED,2025-11-16 23:26:16+00:00
CL0000008,P0000041,21-07050018,2025-12-23,OUTPATIENT,117.98,117.98,APPROVED,2025-12-23 08:15:23+00:00
CL0000009,P0000043,21-07040066,2025-11-17,OUTPATIENT,559.76,335.19,PARTIALLY_APPROVED,2025-11-17 23:03:45+00:00
CL0000010,P0000043,11-01100018,2025-11-21,INPATIENT,19999.26,0.00,REJECTED,2025-11-21 02:19:36+00:00
CL0000011,P0000045,11-07010010,2025-11-11,INPATIENT,2884.06,0.00,REJECTED,2025-11-11 00:28:02+00:00
CL0000012,P0000046,11-02050015,2025-12-29,INPATIENT,25641.45,17152.89,PARTIALLY_APPROVED,2025-12-29 23:36:20+00:00
CL0000013,P0000049,12-10070778,2025-09-05,INPATIENT,5183.64,5183.64,APPROVED,2025-09-05 18:37:54+00:00
CL0000014,P0000049,11-10090018,2025-12-26,EMERGENCY,5500.00,5500.00,APPROVED,2025-12-26 18:49:12+00:00
CL0000015,P0000052,11-09010003,2025-12-22,INPATIENT,10947.36,10947.36,APPROVED,2025-12-22 21:22:09+00:00
CL0000016,P0000055,11-07010010,2025-03-21,INPATIENT,2648.53,2648.53,APPROVED,2025-03-21 09:02:52+00:00
CL0000017,P0000062,12-14011188,2025-10-12,INPATIENT,8900.12,8170.24,PARTIALLY_APPROVED,2025-10-12 14:55:52+00:00
CL0000018,P0000066,11-13070022,2025-11-09,EMERGENCY,3000.00,1793.13,PARTIALLY_APPROVED,2025-11-09 15:52:40+00:00
CL0000019,P0000079,12-08080382,2025-12-31,INPATIENT,27287.83,,SUBMITTED,2025-12-31 12:28:38+00:00
CL0000020,P0000085,21-12120266,2025-03-25,OUTPATIENT,439.07,439.07,APPROVED,2025-03-25 09:05:20+00:00
CL0000021,P0000085,11-12060388,2025-05-11,INPATIENT,43149.32,43149.32,APPROVED,2025-05-11 14:25:34+00:00
CL0000022,P0000086,11-12170028,2025-04-26,INPATIENT,1189.90,1189.90,APPROVED,2025-04-26 02:33:28+00:00
CL0000023,P0000089,21-10050028,2025-06-23,OUTPATIENT,195.80,195.80,APPROVED,2025-06-23 07:09:59+00:00
CL0000024,P0000093,11-13200030,2025-01-14,INPATIENT,1253.70,1253.70,APPROVED,2025-01-14 20:30:34+00:00
CL0000025,P0000095,11-09010003,2025-12-31,EMERGENCY,576.12,0.00,REJECTED,2025-12-31 02:51:46+00:00
CL0000026,P0000096,12-14010031,2025-12-30,EMERGENCY,1526.93,0.00,REJECTED,2025-12-30 16:54:53+00:00
CL0000027,P0000096,11-14010002,2025-12-18,INPATIENT,4494.54,,SUBMITTED,2025-12-18 05:37:34+00:00
CL0000028,P0000104,21-09010005D,2025-07-11,DENTAL,991.95,991.95,APPROVED,2025-07-11 16:30:55+00:00
CL0000029,P0000104,11-14010007,2025-04-20,INPATIENT,3999.17,3999.17,APPROVED,2025-04-20 05:58:06+00:00
CL0000030,P0000109,21-07040073,2025-10-13,OUTPATIENT,173.02,173.02,APPROVED,2025-10-13 05:41:57+00:00
CL0000031,P0000109,21-07030331,2025-09-30,OUTPATIENT,155.36,155.36,APPROVED,2025-09-30 14:17:45+00:00
CL0000032,P0000111,21-06010330,2025-12-15,OUTPATIENT,279.37,208.73,PARTIALLY_APPROVED,2025-12-15 07:22:28+00:00
CL0000033,P0000112,21-07030030D,2025-12-19,DENTAL,430.97,193.05,PARTIALLY_APPROVED,2025-12-19 11:27:41+00:00
CL0000034,P0000119,11-05040012,2025-12-19,INPATIENT,5438.03,5438.03,APPROVED,2025-12-19 02:44:21+00:00
CL0000035,P0000119,21-05010107,2025-12-11,OUTPATIENT,147.32,147.32,APPROVED,2025-12-11 18:00:08+00:00
CL0000036,P0000120,11-05070013,2025-12-07,INPATIENT,6893.46,6893.46,APPROVED,2025-12-07 18:38:21+00:00
CL0000037,P0000121,21-15010016,2025-10-05,OUTPATIENT,1400.00,1400.00,APPROVED,2025-10-05 00:33:31+00:00
CL0000038,P0000121,11-15010003,2025-12-11,INPATIENT,27546.17,27546.17,APPROVED,2025-12-11 17:31:30+00:00
CL0000039,P0000132,21-02010320,2025-05-06,OUTPATIENT,95.56,95.56,APPROVED,2025-05-06 19:28:34+00:00
CL0000040,P0000134,11-16010002,2025-11-16,OUTPATIENT,503.56,503.56,APPROVED,2025-11-16 08:44:34+00:00
CL0000041,P0000135,11-03090018,2025-10-25,INPATIENT,18620.70,16751.69,PARTIALLY_APPROVED,2025-10-25 13:15:28+00:00
CL0000042,P0000142,11-12190041,2025-12-27,INPATIENT,3309.02,3309.02,APPROVED,2025-12-27 15:22:47+00:00
CL0000043,P0000142,11-05020011,2025-12-28,INPATIENT,12931.19,,SUBMITTED,2025-12-28 05:00:15+00:00
CL0000044,P0000148,11-10010019,2025-08-02,INPATIENT,10592.82,0.00,REJECTED,2025-08-02 05:11:21+00:00
CL0000045,P0000150,11-08060016,2024-09-15,INPATIENT,1996.05,1996.05,APPROVED,2024-09-15 04:15:50+00:00
CL0000046,P0000155,11-03020013,2025-09-09,INPATIENT,4569.67,2526.76,PARTIALLY_APPROVED,2025-09-09 23:49:41+00:00
CL0000047,P0000157,21-15010008,2025-07-08,OUTPATIENT,173.73,173.73,APPROVED,2025-07-08 17:18:21+00:00
CL0000048,P0000165,11-10030016,2025-04-11,INPATIENT,25944.99,25944.99,APPROVED,2025-04-11 07:08:23+00:00
CL0000049,P0000174,21-02010292,2025-02-14,OUTPATIENT,352.03,352.03,APPROVED,2025-02-14 09:34:36+00:00
CL0000050,P0000176,11-13060246,2025-12-29,INPATIENT,1317.97,0.00,REJECTED,2025-12-29 20:04:28+00:00
CL0000051,P0000185,11-07020014,2025-12-27,INPATIENT,11451.60,11451.60,APPROVED,2025-12-27 00:35:32+00:00
CL0000052,P0000186,21-12110075,2024-10-18,OUTPATIENT,185.43,185.43,APPROVED,2024-10-18 22:28:15+00:00
CL0000053,P0000192,21-06080088,2025-08-29,OUTPATIENT,841.72,841.72,APPROVED,2025-08-29 00:58:44+00:00
CL0000054,P0000192,21-06050043,2025-09-07,OUTPATIENT,136.74,67.11,PARTIALLY_APPROVED,2025-09-07 17:00:54+00:00
CL0000055,P0000192,11-12180040,2025-09-13,INPATIENT,7635.53,7635.53,APPROVED,2025-09-13 13:10:26+00:00
CL0000056,P0000194,12-03040296,2025-11-07,EMERGENCY,752.91,752.91,APPROVED,2025-11-07 07:48:37+00:00
CL0000057,P0000204,11-16010002,2025-04-27,INPATIENT,12277.09,0.00,REJECTED,2025-04-27 01:02:48+00:00
CL0000058,P0000212,11-15010003,2025-12-11,INPATIENT,4321.37,3085.69,PARTIALLY_APPROVED,2025-12-11 09:28:17+00:00
CL0000059,P0000214,21-01010668,2025-12-22,DENTAL,509.89,0.00,REJECTED,2025-12-22 04:10:37+00:00
CL0000060,P0000219,21-09010020,2024-10-18,OUTPATIENT,321.75,249.60,PARTIALLY_APPROVED,2024-10-18 17:12:36+00:00
CL0000061,P0000220,11-13300036,2025-05-22,INPATIENT,16267.59,14436.67,PARTIALLY_APPROVED,2025-05-22 09:33:21+00:00
CL0000062,P0000220,21-13040591,2024-09-03,DENTAL,440.39,440.39,APPROVED,2024-09-03 06:24:16+00:00
CL0000063,P0000222,21-13380347,2025-08-06,OUTPATIENT,477.36,477.36,APPROVED,2025-08-06 21:40:41+00:00
CL0000064,P0000222,21-01020060,2025-10-03,OUTPATIENT,296.81,296.81,APPROVED,2025-10-03 05:01:48+00:00
CL0000065,P0000230,21-16010003,2025-03-19,OUTPATIENT,667.50,667.50,APPROVED,2025-03-19 17:45:33+00:00
CL0000066,P0000230,21-16010008,2025-09-03,OUTPATIENT,357.60,238.91,PARTIALLY_APPROVED,2025-09-03 15:07:22+00:00
CL0000067,P0000232,21-08060224,2025-10-03,OUTPATIENT,375.35,150.63,PARTIALLY_APPROVED,2025-10-03 13:19:41+00:00
CL0000068,P0000234,11-16010002,2025-11-29,EMERGENCY,215.04,215.04,APPROVED,2025-11-29 16:50:10+00:00
CL0000069,P0000241,21-12010165,2025-09-30,OUTPATIENT,454.04,303.53,PARTIALLY_APPROVED,2025-09-30 05:12:33+00:00
CL0000070,P0000243,21-05020059,2025-02-27,OUTPATIENT,450.79,450.79,APPROVED,2025-02-27 17:01:20+00:00
CL0000071,P0000243,21-05050158,2025-08-06,OUTPATIENT,409.40,409.40,APPROVED,2025-08-06 11:56:09+00:00
CL0000072,P0000254,21-14010049,2025-12-30,OUTPATIENT,258.82,,SUBMITTED,2025-12-30 21:28:47+00:00
CL0000073,P0000255,11-14010410,2025-12-23,INPATIENT,28375.15,12564.22,PARTIALLY_APPROVED,2025-12-23 14:08:47+00:00
CL0000074,P0000256,11-14010056,2025-09-07,INPATIENT,2625.55,2625.55,APPROVED,2025-09-07 00:49:54+00:00
CL0000075,P0000260,11-07010010,2025-07-27,EMERGENCY,1167.77,0.00,REJECTED,2025-07-27 09:28:35+00:00
CL0000076,P0000261,21-07050049,2025-09-29,OUTPATIENT,599.42,447.49,PARTIALLY_APPROVED,2025-09-29 20:27:43+00:00
CL0000077,P0000261,11-07050009,2025-11-26,INPATIENT,20600.65,20600.65,APPROVED,2025-11-26 17:24:47+00:00
CL0000078,P0000267,21-11070199,2024-09-05,OUTPATIENT,235.28,0.00,REJECTED,2024-09-05 10:42:20+00:00
CL0000079,P0000277,11-07050009,2025-12-23,EMERGENCY,526.67,526.67,APPROVED,2025-12-23 12:59:35+00:00
CL0000080,P0000278,11-12160039,2025-12-26,INPATIENT,37850.99,37850.99,APPROVED,2025-12-26 07:33:29+00:00
CL0000081,P0000281,21-12110075,2025-12-31,OUTPATIENT,559.13,559.13,APPROVED,2025-12-31 20:55:24+00:00
CL0000082,P0000284,21-07030058,2025-12-18,OUTPATIENT,98.81,,SUBMITTED,2025-12-18 22:25:16+00:00
CL0000083,P0000287,11-01070016,2025-10-12,INPATIENT,19155.89,19155.89,APPROVED,2025-10-12 03:16:39+00:00
CL0000084,P0000287,21-01030056,2025-07-21,OUTPATIENT,471.73,471.73,APPROVED,2025-07-21 19:25:35+00:00
CL0000085,P0000296,11-16010075,2025-05-13,INPATIENT,7120.49,7120.49,APPROVED,2025-05-13 10:06:03+00:00
CL0000086,P0000299,21-06080191,2025-12-24,OUTPATIENT,351.59,351.59,APPROVED,2025-12-24 07:10:56+00:00
CL0000087,P0000302,21-01070369,2025-12-23,OUTPATIENT,1400.00,1400.00,APPROVED,2025-12-23 15:49:59+00:00
CL0000088,P0000305,21-01010078D,2025-12-20,DENTAL,187.20,187.20,APPROVED,2025-12-20 00:54:56+00:00
CL0000089,P0000314,11-06110022,2025-09-01,INPATIENT,13192.77,13192.77,APPROVED,2025-09-01 06:55:52+00:00
CL0000090,P0000318,11-12050031,2025-02-23,INPATIENT,3933.20,3933.20,APPROVED,2025-02-23 08:44:39+00:00
CL0000091,P0000325,11-01100018,2025-06-14,INPATIENT,5515.01,5515.01,APPROVED,2025-06-14 12:01:07+00:00
CL0000092,P0000325,21-01010243,2025-12-28,OUTPATIENT,920.57,920.57,APPROVED,2025-12-28 20:42:08+00:00
CL0000093,P0000339,11-01100018,2025-08-28,INPATIENT,9151.15,9151.15,APPROVED,2025-08-28 18:00:36+00:00
CL0000094,P0000351,11-11010010,2025-10-10,INPATIENT,6479.58,6479.58,APPROVED,2025-10-10 05:51:44+00:00
CL0000095,P0000351,21-06050454,2025-08-20,DENTAL,154.59,154.59,APPROVED,2025-08-20 16:10:52+00:00
CL0000096,P0000352,21-10040133,2024-05-05,OUTPATIENT,152.06,152.06,APPROVED,2024-05-05 20:17:56+00:00
CL0000097,P0000361,11-09010003,2025-12-06,EMERGENCY,3502.53,2910.79,PARTIALLY_APPROVED,2025-12-06 06:45:58+00:00
CL0000098,P0000364,21-10020252,2025-12-30,OUTPATIENT,170.14,113.76,PARTIALLY_APPROVED,2025-12-30 18:55:49+00:00
CL0000099,P0000367,21-12030400D,2024-10-29,DENTAL,125.60,125.60,APPROVED,2024-10-29 17:57:31+00:00
CL0000100,P0000369,12-14010031,2025-11-20,INPATIENT,5312.44,5312.44,APPROVED,2025-11-20 20:44:41+00:00
CL0000101,P0000372,11-01050014,2025-11-15,INPATIENT,11462.56,7731.92,PARTIALLY_APPROVED,2025-11-15 12:57:10+00:00
CL0000102,P0000375,11-10020022,2025-12-12,EMERGENCY,5500.00,5500.00,APPROVED,2025-12-12 23:14:14+00:00
CL0000103,P0000376,11-10080021,2025-12-14,INPATIENT,28829.63,23147.60,PARTIALLY_APPROVED,2025-12-14 04:20:35+00:00
CL0000104,P0000387,21-06080126,2025-03-18,OUTPATIENT,155.41,155.41,APPROVED,2025-03-18 00:53:10+00:00
CL0000105,P0000389,21-10080295,2025-12-08,OUTPATIENT,120.92,0.00,REJECTED,2025-12-08 08:29:14+00:00
CL0000106,P0000389,11-10060020,2025-11-10,INPATIENT,17574.70,17574.70,APPROVED,2025-11-10 18:18:37+00:00
CL0000107,P0000392,21-01010112D,2025-12-31,DENTAL,421.88,421.88,APPROVED,2025-12-31 10:36:36+00:00
CL0000108,P0000394,11-04030005,2025-05-09,INPATIENT,7764.61,4024.29,PARTIALLY_APPROVED,2025-05-09 09:03:01+00:00
CL0000109,P0000394,11-04020007,2025-11-02,INPATIENT,50000.00,50000.00,APPROVED,2025-11-02 13:26:57+00:00
CL0000110,P0000394,11-04010006,2025-04-02,OUTPATIENT,680.26,292.89,PARTIALLY_APPROVED,2025-04-02 16:12:49+00:00
CL0000111,P0000398,21-14010052,2025-07-01,OUTPATIENT,324.47,0.00,REJECTED,2025-07-01 05:40:04+00:00
CL0000112,P0000399,11-01030012,2025-10-09,INPATIENT,4133.18,4133.18,APPROVED,2025-10-09 05:45:31+00:00
CL0000113,P0000403,11-09010003,2025-11-04,INPATIENT,10246.41,0.00,REJECTED,2025-11-04 09:28:59+00:00
CL0000114,P0000411,11-14010007,2025-09-19,INPATIENT,3747.91,3747.91,APPROVED,2025-09-19 15:51:11+00:00
CL0000115,P0000417,21-09010024,2025-12-31,OUTPATIENT,222.86,222.86,APPROVED,2025-12-31 07:23:02+00:00
CL0000116,P0000417,11-09010003,2025-12-31,INPATIENT,6262.40,5259.05,PARTIALLY_APPROVED,2025-12-31 17:31:41+00:00
CL0000117,P0000420,11-11070014,2025-09-08,INPATIENT,5594.83,4002.91,PARTIALLY_APPROVED,2025-09-08 12:24:16+00:00
CL0000118,P0000423,11-04010006,2025-11-25,INPATIENT,50000.00,0.00,REJECTED,2025-11-25 22:14:38+00:00
CL0000119,P0000425,21-09010049,2025-12-27,OUTPATIENT,250.68,,SUBMITTED,2025-12-27 22:23:07+00:00
CL0000120,P0000425,21-02060266,2025-12-31,OUTPATIENT,292.85,0.00,REJECTED,2025-12-31 08:41:42+00:00
CL0000121,P0000425,11-13040020,2025-12-27,OUTPATIENT,802.54,,SUBMITTED,2025-12-27 01:03:33+00:00
CL0000122,P0000426,11-03020013,2025-11-18,INPATIENT,6480.03,6480.03,APPROVED,2025-11-18 07:53:01+00:00
CL0000123,P0000427,21-04010083,2025-12-03,OUTPATIENT,393.30,393.30,APPROVED,2025-12-03 19:21:43+00:00
CL0000124,P0000429,21-12060431,2025-01-18,OUTPATIENT,237.42,199.34,PARTIALLY_APPROVED,2025-01-18 13:27:21+00:00
CL0000125,P0000432,11-12060045,2024-09-10,INPATIENT,3918.17,3918.17,APPROVED,2024-09-10 05:41:31+00:00
CL0000126,P0000432,21-01020050,2024-06-14,OUTPATIENT,1400.00,1400.00,APPROVED,2024-06-14 12:36:03+00:00
CL0000127,P0000433,21-11010051,2025-08-20,OUTPATIENT,218.17,218.17,APPROVED,2025-08-20 09:29:06+00:00
CL0000128,P0000433,21-11030103,2025-12-18,OUTPATIENT,393.45,,SUBMITTED,2025-12-18 23:04:26+00:00
CL0000129,P0000449,12-11080321,2025-01-31,INPATIENT,50000.00,50000.00,APPROVED,2025-01-31 05:13:54+00:00
CL0000130,P0000450,21-09010021,2025-06-04,OUTPATIENT,315.65,315.65,APPROVED,2025-06-04 13:59:10+00:00
CL0000131,P0000450,11-09010003,2025-03-26,INPATIENT,25528.77,25528.77,APPROVED,2025-03-26 21:35:17+00:00
CL0000132,P0000451,11-06110022,2025-12-09,INPATIENT,19996.62,0.00,REJECTED,2025-12-09 02:24:38+00:00
CL0000133,P0000454,11-06100019,2025-07-15,EMERGENCY,2744.24,0.00,REJECTED,2025-07-15 17:19:00+00:00
CL0000134,P0000463,11-06030015,2025-10-30,INPATIENT,7883.62,0.00,REJECTED,2025-10-30 17:31:36+00:00
CL0000135,P0000468,11-01050014,2025-10-15,INPATIENT,9273.15,0.00,REJECTED,2025-10-15 04:42:02+00:00
CL0000136,P0000477,11-05010010,2025-12-26,INPATIENT,6069.15,6069.15,APPROVED,2025-12-26 04:35:54+00:00
CL0000137,P0000485,21-13390216,2025-12-24,OUTPATIENT,382.23,382.23,APPROVED,2025-12-24 16:13:57+00:00
CL0000138,P0000490,11-16010075,2025-12-31,INPATIENT,18737.88,,SUBMITTED,2025-12-31 11:01:49+00:00
CL0000139,P0000490,11-16010075,2025-12-29,INPATIENT,1000.00,1000.00,APPROVED,2025-12-29 22:12:28+00:00
CL0000140,P0000491,21-02060111,2025-06-04,OUTPATIENT,174.18,174.18,APPROVED,2025-06-04 08:06:12+00:00
CL0000141,P0000491,11-06100400,2025-07-19,INPATIENT,16714.45,16714.45,APPROVED,2025-07-19 05:06:31+00:00
CL0000142,P0000499,11-12060045,2025-03-20,INPATIENT,14018.51,0.00,REJECTED,2025-03-20 15:32:21+00:00
CL0000143,P0000507,11-16010075,2025-10-19,OUTPATIENT,211.00,211.00,APPROVED,2025-10-19 00:42:46+00:00
CL0000144,P0000510,12-14010030,2025-08-05,INPATIENT,28106.36,28106.36,APPROVED,2025-08-05 09:28:28+00:00
CL0000145,P0000511,12-14010055,2025-09-29,EMERGENCY,279.92,279.92,APPROVED,2025-09-29 01:39:00+00:00
CL0000146,P0000522,21-05060032,2025-10-17,OUTPATIENT,123.97,123.97,APPROVED,2025-10-17 08:47:57+00:00
CL0000147,P0000529,11-07020014,2025-12-05,INPATIENT,14320.76,14320.76,APPROVED,2025-12-05 05:33:28+00:00
CL0000148,P0000533,11-05070013,2025-12-28,INPATIENT,14962.52,,SUBMITTED,2025-12-28 03:16:42+00:00
CL0000149,P0000536,11-01090019,2025-11-13,INPATIENT,2301.98,2301.98,APPROVED,2025-11-13 09:01:13+00:00
CL0000150,P0000537,11-06100400,2025-11-04,INPATIENT,3395.04,3395.04,APPROVED,2025-11-04 01:49:22+00:00
CL0000151,P0000538,11-06040017,2025-11-15,INPATIENT,1399.60,1399.60,APPROVED,2025-11-15 23:31:41+00:00
CL0000152,P0000543,11-13190029,2025-01-13,EMERGENCY,2439.03,2439.03,APPROVED,2025-01-13 15:58:22+00:00
CL0000153,P0000547,11-10080021,2025-11-01,EMERGENCY,2753.31,2753.31,APPROVED,2025-11-01 00:59:41+00:00
CL0000154,P0000550,21-12150344D,2025-03-31,DENTAL,80.00,80.00,APPROVED,2025-03-31 15:08:39+00:00
CL0000155,P0000551,11-14010056,2025-11-12,INPATIENT,7630.80,4302.35,PARTIALLY_APPROVED,2025-11-12 02:25:24+00:00
CL0000156,P0000554,21-05060155,2025-12-31,OUTPATIENT,139.39,0.00,REJECTED,2025-12-31 06:56:12+00:00
CL0000157,P0000554,21-05060036,2025-12-30,OUTPATIENT,344.19,344.19,APPROVED,2025-12-30 20:56:30+00:00
CL0000158,P0000564,21-09010017,2024-12-16,OUTPATIENT,88.82,88.82,APPROVED,2024-12-16 21:12:21+00:00
CL0000159,P0000565,11-08110015,2025-04-05,INPATIENT,7250.12,7250.12,APPROVED,2025-04-05 02:32:25+00:00
CL0000160,P0000565,11-09010003,2024-08-08,INPATIENT,2087.13,0.00,REJECTED,2024-08-08 05:08:24+00:00
CL0000161,P0000568,21-10050178,2024-06-13,OUTPATIENT,478.02,444.63,PARTIALLY_APPROVED,2024-06-13 14:18:42+00:00
CL0000162,P0000568,11-10010233,2024-10-25,INPATIENT,22212.27,22212.27,APPROVED,2024-10-25 16:22:56+00:00
CL0000163,P0000576,21-03090208,2025-11-04,OUTPATIENT,1279.49,766.43,PARTIALLY_APPROVED,2025-11-04 08:01:37+00:00
CL0000164,P0000576,21-06070243,2025-12-20,OUTPATIENT,461.63,404.46,PARTIALLY_APPROVED,2025-12-20 23:04:25+00:00
CL0000165,P0000578,11-16010002,2025-12-16,EMERGENCY,757.51,0.00,REJECTED,2025-12-16 09:01:18+00:00
CL0000166,P0000578,11-16010002,2025-11-28,EMERGENCY,844.37,844.37,APPROVED,2025-11-28 01:37:18+00:00
CL0000167,P0000579,11-01040013,2025-11-15,INPATIENT,18176.32,18176.32,APPROVED,2025-11-15 00:54:05+00:00
CL0000168,P0000580,11-01020010,2025-12-26,EMERGENCY,736.71,,SUBMITTED,2025-12-26 15:05:54+00:00
CL0000169,P0000580,11-01050014,2025-11-28,INPATIENT,7244.98,7244.98,APPROVED,2025-11-28 01:34:29+00:00
CL0000170,P0000581,11-14010002,2025-12-29,EMERGENCY,1287.80,1287.80,APPROVED,2025-12-29 03:35:02+00:00
CL0000171,P0000582,11-06060018,2025-10-06,INPATIENT,18652.38,17552.47,PARTIALLY_APPROVED,2025-10-06 14:21:43+00:00
CL0000172,P0000589,21-05020077,2025-09-22,OUTPATIENT,186.75,186.75,APPROVED,2025-09-22 15:30:08+00:00
CL0000173,P0000604,21-13280540,2025-12-23,DENTAL,212.98,212.98,APPROVED,2025-12-23 06:09:45+00:00
CL0000174,P0000605,21-12090339D,2025-12-11,DENTAL,170.18,170.18,APPROVED,2025-12-11 09:35:05+00:00
CL0000175,P0000606,11-12060045,2025-07-13,INPATIENT,5219.63,5219.63,APPROVED,2025-07-13 15:38:46+00:00
CL0000176,P0000612,21-10020769,2025-08-27,OUTPATIENT,348.31,348.31,APPROVED,2025-08-27 11:41:23+00:00
CL0000177,P0000612,11-10030016,2024-12-21,INPATIENT,50000.00,50000.00,APPROVED,2024-12-21 21:16:05+00:00
CL0000178,P0000612,21-10040100,2024-11-23,OUTPATIENT,223.91,223.91,APPROVED,2024-11-23 04:05:57+00:00
CL0000179,P0000614,11-13110018,2025-11-10,INPATIENT,9323.75,9323.75,APPROVED,2025-11-10 03:27:27+00:00
CL0000180,P0000616,11-05050297,2025-09-28,INPATIENT,2581.55,1169.46,PARTIALLY_APPROVED,2025-09-28 22:37:02+00:00
CL0000181,P0000620,21-07010095,2025-04-24,OUTPATIENT,212.38,212.38,APPROVED,2025-04-24 02:50:53+00:00
CL0000182,P0000621,11-07020014,2025-12-23,INPATIENT,39193.56,,SUBMITTED,2025-12-23 07:38:04+00:00
CL0000183,P0000624,11-04030005,2025-11-25,INPATIENT,3445.88,1782.59,PARTIALLY_APPROVED,2025-11-25 22:31:27+00:00
CL0000184,P0000625,21-06080360,2025-07-21,OUTPATIENT,260.74,260.74,APPROVED,2025-07-21 08:12:20+00:00
CL0000185,P0000625,11-02100019,2025-11-21,INPATIENT,11622.21,11622.21,APPROVED,2025-11-21 20:56:57+00:00
CL0000186,P0000626,12-14010030,2025-12-17,INPATIENT,5881.58,4572.01,PARTIALLY_APPROVED,2025-12-17 18:05:50+00:00
CL0000187,P0000637,11-02050015,2025-06-07,EMERGENCY,300.00,300.00,APPROVED,2025-06-07 01:18:35+00:00
CL0000188,P0000641,21-06050044,2025-11-24,OUTPATIENT,334.31,334.31,APPROVED,2025-11-24 20:12:22+00:00
CL0000189,P0000641,11-06100400,2025-11-23,INPATIENT,6246.12,6246.12,APPROVED,2025-11-23 20:48:40+00:00
CL0000190,P0000644,11-07030013,2025-10-20,INPATIENT,17186.25,17186.25,APPROVED,2025-10-20 11:25:57+00:00
CL0000191,P0000645,11-12060025,2025-12-31,INPATIENT,21485.71,15606.01,PARTIALLY_APPROVED,2025-12-31 21:37:12+00:00
CL0000192,P0000650,11-04030005,2025-11-05,INPATIENT,3737.36,3737.36,APPROVED,2025-11-05 16:41:24+00:00
CL0000193,P0000655,21-06100264,2025-12-14,OUTPATIENT,217.40,217.40,APPROVED,2025-12-14 14:23:27+00:00
CL0000194,P0000661,21-13290151,2025-09-09,OUTPATIENT,124.88,124.88,APPROVED,2025-09-09 21:54:20+00:00
CL0000195,P0000666,11-08110015,2025-04-19,EMERGENCY,837.41,837.41,APPROVED,2025-04-19 18:29:58+00:00
CL0000196,P0000669,11-16010075,2025-11-27,INPATIENT,2124.39,2124.39,APPROVED,2025-11-27 00:22:19+00:00
CL0000197,P0000669,11-16010075,2025-10-20,EMERGENCY,467.84,0.00,REJECTED,2025-10-20 09:47:36+00:00
CL0000198,P0000675,21-01020441,2025-05-16,OUTPATIENT,393.25,393.25,APPROVED,2025-05-16 00:08:44+00:00
CL0000199,P0000677,11-05040012,2025-11-19,INPATIENT,3327.74,3327.74,APPROVED,2025-11-19 07:28:06+00:00
CL0000200,P0000677,11-12070032,2025-12-04,INPATIENT,2535.24,2535.24,APPROVED,2025-12-04 07:31:55+00:00
CL0000201,P0000678,21-05060296D,2025-11-24,DENTAL,475.74,393.41,PARTIALLY_APPROVED,2025-11-24 08:43:15+00:00
CL0000202,P0000681,11-14010007,2025-12-17,INPATIENT,8130.61,8130.61,APPROVED,2025-12-17 16:09:56+00:00
CL0000203,P0000683,11-13020019,2024-12-02,INPATIENT,2589.22,2589.22,APPROVED,2024-12-02 02:34:04+00:00
CL0000204,P0000683,11-09010003,2024-12-06,INPATIENT,9130.71,0.00,REJECTED,2024-12-06 21:15:15+00:00
CL0000205,P0000686,21-03050181,2025-11-29,OUTPATIENT,239.08,0.00,REJECTED,2025-11-29 06:42:28+00:00
CL0000206,P0000686,21-10040133,2025-12-24,OUTPATIENT,778.15,488.35,PARTIALLY_APPROVED,2025-12-24 06:00:27+00:00
CL0000207,P0000686,21-03080275,2025-12-13,OUTPATIENT,749.61,,SUBMITTED,2025-12-13 04:09:34+00:00
CL0000208,P0000689,11-07020014,2025-09-24,INPATIENT,4091.59,4091.59,APPROVED,2025-09-24 21:11:55+00:00
CL0000209,P0000690,11-13090023,2024-12-25,EMERGENCY,599.62,340.75,PARTIALLY_APPROVED,2024-12-25 18:25:58+00:00
CL0000210,P0000695,11-12100035,2025-11-29,INPATIENT,6530.21,6530.21,APPROVED,2025-11-29 11:01:13+00:00
CL0000211,P0000696,11-12210043,2025-05-09,INPATIENT,1420.78,1420.78,APPROVED,2025-05-09 19:56:57+00:00
CL0000212,P0000705,11-03060016,2025-11-14,INPATIENT,5583.54,5583.54,APPROVED,2025-11-14 13:24:02+00:00
CL0000213,P0000707,21-02100276,2025-12-25,OUTPATIENT,283.64,283.64,APPROVED,2025-12-25 00:28:54+00:00
CL0000214,P0000707,11-02010014,2025-11-28,INPATIENT,46826.91,0.00,REJECTED,2025-11-28 15:53:12+00:00
CL0000215,P0000707,11-09010003,2025-11-16,INPATIENT,5039.95,0.00,REJECTED,2025-11-16 10:02:55+00:00
CL0000216,P0000710,11-03080019,2025-03-23,INPATIENT,3233.72,0.00,REJECTED,2025-03-23 12:08:22+00:00
CL0000217,P0000710,21-06040041,2025-03-26,OUTPATIENT,226.84,226.84,APPROVED,2025-03-26 01:51:21+00:00
CL0000218,P0000711,11-03100020,2025-12-29,INPATIENT,4308.15,4308.15,APPROVED,2025-12-29 15:54:55+00:00
CL0000219,P0000711,11-13150027,2025-12-07,INPATIENT,3435.09,3435.09,APPROVED,2025-12-07 20:13:55+00:00
CL0000220,P0000719,11-13090023,2025-12-14,INPATIENT,25449.65,25449.65,APPROVED,2025-12-14 15:28:15+00:00
CL0000221,P0000721,21-10080171,2025-08-02,OUTPATIENT,868.99,868.99,APPROVED,2025-08-02 22:02:23+00:00
CL0000222,P0000724,12-10042306,2025-07-11,INPATIENT,31531.16,13011.34,PARTIALLY_APPROVED,2025-07-11 15:57:23+00:00
CL0000223,P0000724,21-10010124,2025-08-08,OUTPATIENT,88.46,88.46,APPROVED,2025-08-08 16:56:53+00:00
CL0000224,P0000724,21-10080027,2025-01-18,OUTPATIENT,307.70,234.13,PARTIALLY_APPROVED,2025-01-18 02:39:02+00:00
CL0000225,P0000725,11-08010023,2025-12-22,INPATIENT,18234.63,,SUBMITTED,2025-12-22 23:28:37+00:00
CL0000226,P0000729,11-13260033,2025-12-07,INPATIENT,11584.63,11584.63,APPROVED,2025-12-07 18:22:21+00:00
CL0000227,P0000735,11-12090034,2025-10-31,INPATIENT,50000.00,50000.00,APPROVED,2025-10-31 11:36:35+00:00
CL0000228,P0000740,12-14010055,2025-08-28,INPATIENT,4950.35,4950.35,APPROVED,2025-08-28 04:20:55+00:00
CL0000229,P0000741,11-16010002,2025-12-28,INPATIENT,35506.39,,SUBMITTED,2025-12-28 10:14:08+00:00
CL0000230,P0000745,21-12020228,2025-05-10,OUTPATIENT,962.74,962.74,APPROVED,2025-05-10 20:28:00+00:00
CL0000231,P0000745,21-07050311,2025-01-22,DENTAL,1279.41,0.00,REJECTED,2025-01-22 09:18:34+00:00
CL0000232,P0000748,11-01030012,2025-10-30,EMERGENCY,461.76,461.76,APPROVED,2025-10-30 16:16:52+00:00
CL0000233,P0000752,11-16010075D,2025-07-01,DENTAL,812.77,812.77,APPROVED,2025-07-01 10:51:24+00:00
CL0000234,P0000761,11-13240032,2025-12-13,INPATIENT,1153.17,,SUBMITTED,2025-12-13 15:56:50+00:00
CL0000235,P0000764,11-05070013,2025-11-25,EMERGENCY,1102.25,0.00,REJECTED,2025-11-25 17:09:18+00:00
CL0000236,P0000765,11-07040012,2025-12-17,INPATIENT,14549.67,14549.67,APPROVED,2025-12-17 09:02:06+00:00
CL0000237,P0000765,11-08010020,2025-12-10,INPATIENT,7227.08,7227.08,APPROVED,2025-12-10 08:15:10+00:00
CL0000238,P0000767,11-09010003,2025-06-03,INPATIENT,2808.75,2808.75,APPROVED,2025-06-03 19:36:54+00:00
CL0000239,P0000767,11-09010003,2025-12-28,INPATIENT,6606.46,,SUBMITTED,2025-12-28 21:17:50+00:00
CL0000240,P0000771,11-01010011,2025-12-03,INPATIENT,1000.00,1000.00,APPROVED,2025-12-03 04:27:33+00:00
CL0000241,P0000773,21-11020095,2025-08-28,OUTPATIENT,197.11,117.23,PARTIALLY_APPROVED,2025-08-28 09:40:14+00:00
CL0000242,P0000780,11-05030014,2025-04-05,INPATIENT,1980.08,1575.41,PARTIALLY_APPROVED,2025-04-05 23:06:06+00:00
CL0000243,P0000780,11-05040012,2025-07-14,INPATIENT,5330.67,5330.67,APPROVED,2025-07-14 14:45:53+00:00
CL0000244,P0000791,21-02090124,2025-12-01,OUTPATIENT,139.67,139.67,APPROVED,2025-12-01 10:08:32+00:00
CL0000245,P0000796,12-10010762,2025-12-29,INPATIENT,11280.90,,SUBMITTED,2025-12-29 01:59:51+00:00
CL0000246,P0000796,21-10050170,2025-12-22,OUTPATIENT,166.90,166.90,APPROVED,2025-12-22 19:36:53+00:00
CL0000247,P0000796,21-10020039,2025-12-13,OUTPATIENT,125.99,125.99,APPROVED,2025-12-13 20:38:08+00:00
CL0000248,P0000797,21-12170278,2025-11-23,OUTPATIENT,467.95,467.95,APPROVED,2025-11-23 08:14:17+00:00
CL0000249,P0000799,11-02040020,2025-11-17,INPATIENT,10088.64,7692.72,PARTIALLY_APPROVED,2025-11-17 15:17:51+00:00
CL0000250,P0000801,21-13180176,2025-01-29,OUTPATIENT,379.64,379.64,APPROVED,2025-01-29 15:33:22+00:00
CL0000251,P0000816,11-06090021,2025-06-11,INPATIENT,2581.80,2581.80,APPROVED,2025-06-11 00:28:41+00:00
CL0000252,P0000834,12-14010030,2025-05-04,INPATIENT,9665.58,9665.58,APPROVED,2025-05-04 01:39:38+00:00
CL0000253,P0000835,11-14010007,2025-07-04,INPATIENT,3080.39,3080.39,APPROVED,2025-07-04 01:44:26+00:00
CL0000254,P0000837,21-11040049,2025-04-17,OUTPATIENT,1400.00,1400.00,APPROVED,2025-04-17 21:24:12+00:00
CL0000255,P0000842,21-01020228,2025-12-27,OUTPATIENT,495.62,424.89,PARTIALLY_APPROVED,2025-12-27 21:17:51+00:00
CL0000256,P0000846,12-11080321,2025-11-24,INPATIENT,2568.41,0.00,REJECTED,2025-11-24 09:03:25+00:00
CL0000257,P0000846,11-01021181,2025-12-11,EMERGENCY,2433.87,2433.87,APPROVED,2025-12-11 05:28:01+00:00
CL0000258,P0000849,21-01020058,2025-03-25,OUTPATIENT,253.12,253.12,APPROVED,2025-03-25 06:35:34+00:00
CL0000259,P0000849,11-10010019,2025-02-25,INPATIENT,7990.73,7990.73,APPROVED,2025-02-25 08:18:58+00:00
CL0000260,P0000851,21-14010035,2025-07-01,OUTPATIENT,87.20,87.20,APPROVED,2025-07-01 06:23:51+00:00
CL0000261,P0000858,11-12110036,2025-05-15,EMERGENCY,1111.71,0.00,REJECTED,2025-05-15 22:44:38+00:00
CL0000262,P0000858,11-02100019,2025-09-14,INPATIENT,5300.87,5300.87,APPROVED,2025-09-14 22:03:37+00:00
CL0000263,P0000862,11-02060017,2025-05-17,INPATIENT,1414.40,1414.40,APPROVED,2025-05-17 12:38:53+00:00
CL0000264,P0000865,21-04010094,2025-11-13,OUTPATIENT,87.22,87.22,APPROVED,2025-11-13 03:14:12+00:00
CL0000265,P0000869,21-04030262,2025-12-16,DENTAL,612.83,0.00,REJECTED,2025-12-16 18:03:32+00:00
CL0000266,P0000869,21-08080064,2025-11-18,OUTPATIENT,181.08,124.02,PARTIALLY_APPROVED,2025-11-18 05:44:13+00:00
CL0000267,P0000870,12-11080321,2025-12-17,EMERGENCY,2021.78,2021.78,APPROVED,2025-12-17 13:49:19+00:00
CL0000268,P0000876,11-16010075,2025-07-01,INPATIENT,4297.08,4297.08,APPROVED,2025-07-01 17:51:16+00:00
CL0000269,P0000877,"31-
16010011D",2025-09-17,DENTAL,140.01,61.20,PARTIALLY_APPROVED,2025-09-17 19:53:54+00:00
CL0000270,P0000880,11-06020561,2025-12-22,OUTPATIENT,833.83,0.00,REJECTED,2025-12-22 22:47:11+00:00
CL0000271,P0000881,21-06010195,2025-12-30,OUTPATIENT,111.00,111.00,APPROVED,2025-12-30 02:18:50+00:00
CL0000272,P0000886,11-04020007,2025-10-25,INPATIENT,4499.22,4499.22,APPROVED,2025-10-25 22:28:50+00:00
CL0000273,P0000889,11-01100018,2025-12-30,INPATIENT,1602.15,,SUBMITTED,2025-12-30 10:30:22+00:00
CL0000274,P0000890,21-01020403,2025-12-24,OUTPATIENT,526.37,0.00,REJECTED,2025-12-24 20:25:57+00:00
CL0000275,P0000892,21-15010014,2025-04-09,OUTPATIENT,139.97,139.97,APPROVED,2025-04-09 04:54:35+00:00
CL0000276,P0000892,21-01080302,2025-04-06,OUTPATIENT,738.35,347.53,PARTIALLY_APPROVED,2025-04-06 23:53:45+00:00
CL0000277,P0000901,11-15010003,2025-04-25,INPATIENT,16171.78,0.00,REJECTED,2025-04-25 12:11:11+00:00
CL0000278,P0000908,11-12060388D,2025-10-26,DENTAL,117.79,0.00,REJECTED,2025-10-26 21:03:43+00:00
CL0000279,P0000908,21-12060593,2025-03-10,DENTAL,131.57,131.57,APPROVED,2025-03-10 01:12:13+00:00
CL0000280,P0000909,21-06050498,2025-04-17,DENTAL,232.17,232.17,APPROVED,2025-04-17 05:19:32+00:00
CL0000281,P0000912,21-09010031,2025-08-17,OUTPATIENT,109.09,109.09,APPROVED,2025-08-17 07:04:32+00:00
CL0000282,P0000912,11-07050009,2025-01-30,INPATIENT,27829.09,27829.09,APPROVED,2025-01-30 18:15:54+00:00
CL0000283,P0000914,21-11040049,2025-11-08,OUTPATIENT,662.78,0.00,REJECTED,2025-11-08 02:43:26+00:00
CL0000284,P0000924,11-06100400,2025-10-31,EMERGENCY,1758.32,1758.32,APPROVED,2025-10-31 09:01:47+00:00
CL0000285,P0000928,11-10030016,2025-11-27,EMERGENCY,934.63,934.63,APPROVED,2025-11-27 07:51:53+00:00
CL0000286,P0000932,21-10010743,2025-10-12,DENTAL,366.95,0.00,REJECTED,2025-10-12 00:16:18+00:00
CL0000287,P0000933,21-10090034,2025-08-31,OUTPATIENT,213.66,213.66,APPROVED,2025-08-31 02:49:08+00:00
CL0000288,P0000951,11-09010003,2025-06-21,INPATIENT,3462.39,3462.39,APPROVED,2025-06-21 08:52:50+00:00
CL0000289,P0000954,21-02060048,2025-05-10,OUTPATIENT,138.90,138.90,APPROVED,2025-05-10 04:23:24+00:00
CL0000290,P0000957,11-12130037,2025-12-29,EMERGENCY,1284.64,1284.64,APPROVED,2025-12-29 03:13:53+00:00
CL0000291,P0000966,11-12220044,2025-11-24,INPATIENT,10240.01,10240.01,APPROVED,2025-11-24 10:11:01+00:00
CL0000292,P0000968,21-12170326,2025-09-09,OUTPATIENT,77.72,0.00,REJECTED,2025-09-09 21:26:07+00:00
CL0000293,P0000969,21-01090145,2025-11-20,OUTPATIENT,195.86,195.86,APPROVED,2025-11-20 13:03:31+00:00
CL0000294,P0000969,11-01020010,2025-12-15,OUTPATIENT,430.76,430.76,APPROVED,2025-12-15 13:03:14+00:00
CL0000295,P0000972,21-12220222,2025-12-25,OUTPATIENT,302.93,,SUBMITTED,2025-12-25 14:41:51+00:00
CL0000296,P0000976,11-04020007,2025-12-13,EMERGENCY,596.85,596.85,APPROVED,2025-12-13 13:10:52+00:00
CL0000297,P0000976,21-02080169,2025-12-12,OUTPATIENT,358.52,358.52,APPROVED,2025-12-12 16:25:08+00:00
CL0000298,P0000978,21-04010110,2025-07-07,OUTPATIENT,90.73,90.73,APPROVED,2025-07-07 22:22:53+00:00
CL0000299,P0000978,21-05060288,2025-11-12,DENTAL,359.54,359.54,APPROVED,2025-11-12 09:49:51+00:00
CL0000300,P0000983,21-06040161,2025-04-11,OUTPATIENT,153.14,153.14,APPROVED,2025-04-11 13:50:33+00:00
CL0000301,P0000983,11-06100019,2025-06-15,OUTPATIENT,204.58,139.09,PARTIALLY_APPROVED,2025-06-15 13:20:47+00:00
CL0000302,P0000994,21-04010107,2025-07-18,DENTAL,292.22,292.22,APPROVED,2025-07-18 19:46:01+00:00
CL0000303,P0000994,11-04020007,2025-07-10,INPATIENT,15465.79,0.00,REJECTED,2025-07-10 00:03:54+00:00
CL0000304,P0000995,11-08040017,2025-12-19,EMERGENCY,823.99,,SUBMITTED,2025-12-19 02:54:29+00:00
CL0000305,P0000997,11-03070017,2025-11-17,INPATIENT,27661.44,0.00,REJECTED,2025-11-17 21:06:01+00:00
CL0000306,P0000999,11-13100024,2025-09-11,INPATIENT,24593.74,24593.74,APPROVED,2025-09-11 09:22:49+00:00
CL0000307,P0001001,21-15010008,2025-08-04,OUTPATIENT,365.30,365.30,APPROVED,2025-08-04 00:32:22+00:00
CL0000308,P0001001,21-15010035,2024-12-02,DENTAL,273.30,273.30,APPROVED,2024-12-02 22:19:19+00:00
CL0000309,P0001008,11-01100018,2025-11-09,INPATIENT,7212.61,7212.61,APPROVED,2025-11-09 05:53:32+00:00
CL0000310,P0001009,11-05020011,2025-03-13,INPATIENT,30898.90,30898.90,APPROVED,2025-03-13 10:12:28+00:00
CL0000311,P0001009,21-03100226,2024-11-20,OUTPATIENT,298.99,298.99,APPROVED,2024-11-20 03:27:18+00:00
CL0000312,P0001014,11-08030014,2025-09-20,INPATIENT,4096.87,4096.87,APPROVED,2025-09-20 08:56:00+00:00
CL0000313,P0001015,11-06070016,2025-12-31,INPATIENT,43462.59,43462.59,APPROVED,2025-12-31 01:27:46+00:00
CL0000314,P0001021,11-11030012,2025-12-21,INPATIENT,5325.90,2314.76,PARTIALLY_APPROVED,2025-12-21 10:33:56+00:00
CL0000315,P0001022,21-11020022D,2025-12-26,DENTAL,257.34,257.34,APPROVED,2025-12-26 00:40:44+00:00
CL0000316,P0001025,21-06060218,2025-12-31,OUTPATIENT,180.83,0.00,REJECTED,2025-12-31 03:02:08+00:00
CL0000317,P0001026,21-07040274,2025-08-07,DENTAL,320.59,320.59,APPROVED,2025-08-07 16:10:48+00:00
CL0000318,P0001032,21-02060070,2025-12-04,OUTPATIENT,1400.00,1400.00,APPROVED,2025-12-04 03:28:35+00:00
CL0000319,P0001034,11-07050009,2025-12-24,INPATIENT,6838.71,0.00,REJECTED,2025-12-24 23:05:01+00:00
CL0000320,P0001034,21-08070060,2025-12-08,OUTPATIENT,1400.00,1400.00,APPROVED,2025-12-08 16:43:58+00:00
CL0000321,P0001035,11-09010003,2025-12-30,INPATIENT,23004.97,23004.97,APPROVED,2025-12-30 12:26:30+00:00
CL0000322,P0001036,11-15010003,2025-08-28,INPATIENT,37104.92,0.00,REJECTED,2025-08-28 13:36:40+00:00
CL0000323,P0001048,21-09010027,2025-12-27,OUTPATIENT,473.41,,SUBMITTED,2025-12-27 06:53:36+00:00
CL0000324,P0001048,11-09010003,2025-12-31,OUTPATIENT,131.57,131.57,APPROVED,2025-12-31 16:31:26+00:00
CL0000325,P0001051,11-16010075,2025-09-26,INPATIENT,2634.71,2634.71,APPROVED,2025-09-26 18:38:49+00:00
CL0000326,P0001054,12-03040296,2025-08-31,INPATIENT,1025.53,1025.53,APPROVED,2025-08-31 00:31:01+00:00
CL0000327,P0001054,11-05010010,2025-10-29,INPATIENT,4769.78,4769.78,APPROVED,2025-10-29 05:16:08+00:00
CL0000328,P0001060,12-10010762,2025-04-08,EMERGENCY,1037.33,1037.33,APPROVED,2025-04-08 03:05:41+00:00
CL0000329,P0001063,11-08020024,2025-12-14,EMERGENCY,1530.94,1530.94,APPROVED,2025-12-14 06:40:43+00:00
CL0000330,P0001066,11-06080020,2025-09-05,OUTPATIENT,201.04,201.04,APPROVED,2025-09-05 03:43:26+00:00
CL0000331,P0001069,11-01030012,2025-12-22,EMERGENCY,3875.02,0.00,REJECTED,2025-12-22 18:32:31+00:00
CL0000332,P0001070,11-12240380,2025-12-28,EMERGENCY,200.00,,SUBMITTED,2025-12-28 17:38:55+00:00
CL0000333,P0001071,21-01050238,2025-12-29,OUTPATIENT,775.46,775.46,APPROVED,2025-12-29 12:14:06+00:00
CL0000334,P0001075,21-06040053D,2025-12-31,DENTAL,247.49,153.79,PARTIALLY_APPROVED,2025-12-31 07:55:32+00:00
CL0000335,P0001080,11-04010006,2025-11-13,INPATIENT,2381.84,2381.84,APPROVED,2025-11-13 16:03:39+00:00
CL0000336,P0001082,11-03030014,2025-11-16,EMERGENCY,2046.79,2046.79,APPROVED,2025-11-16 20:10:02+00:00
CL0000337,P0001088,11-10090018,2024-11-10,INPATIENT,3722.99,0.00,REJECTED,2024-11-10 15:45:18+00:00
CL0000338,P0001095,11-13100024,2025-12-22,EMERGENCY,396.36,396.36,APPROVED,2025-12-22 11:38:46+00:00
CL0000339,P0001103,11-10020015,2025-12-26,INPATIENT,4691.89,4691.89,APPROVED,2025-12-26 02:03:55+00:00
CL0000340,P0001110,11-06040017,2025-11-05,INPATIENT,24214.90,24214.90,APPROVED,2025-11-05 03:54:54+00:00
CL0000341,P0001128,21-06010290,2025-12-14,OUTPATIENT,320.11,,SUBMITTED,2025-12-14 03:01:06+00:00
CL0000342,P0001135,21-10080147,2025-09-11,OUTPATIENT,278.21,184.21,PARTIALLY_APPROVED,2025-09-11 15:33:11+00:00
CL0000343,P0001138,21-15010027D,2025-06-07,DENTAL,1506.20,1074.73,PARTIALLY_APPROVED,2025-06-07 06:24:24+00:00
CL0000344,P0001149,21-14010049,2025-12-30,OUTPATIENT,271.81,0.00,REJECTED,2025-12-30 17:21:58+00:00
CL0000345,P0001150,21-06020212,2025-12-31,OUTPATIENT,725.59,,SUBMITTED,2025-12-31 03:07:36+00:00
CL0000346,P0001150,21-06050375D,2025-12-25,DENTAL,256.97,,SUBMITTED,2025-12-25 03:34:19+00:00
CL0000347,P0001154,21-02100197,2025-12-08,OUTPATIENT,181.51,140.61,PARTIALLY_APPROVED,2025-12-08 05:22:54+00:00
CL0000348,P0001154,21-02100156,2025-12-13,OUTPATIENT,570.26,570.26,APPROVED,2025-12-13 13:51:51+00:00
CL0000349,P0001165,21-04020037,2024-10-31,OUTPATIENT,216.55,216.55,APPROVED,2024-10-31 11:21:11+00:00
CL0000350,P0001169,11-07030013,2025-12-06,INPATIENT,8267.42,0.00,REJECTED,2025-12-06 13:25:44+00:00
CL0000351,P0001171,11-16010075,2025-09-21,INPATIENT,16019.22,16019.22,APPROVED,2025-09-21 17:54:06+00:00
CL0000352,P0001171,21-13110067,2025-12-14,OUTPATIENT,516.00,516.00,APPROVED,2025-12-14 08:55:24+00:00
CL0000353,P0001171,21-13370108,2025-09-24,OUTPATIENT,185.88,185.88,APPROVED,2025-09-24 22:23:20+00:00
CL0000354,P0001172,11-01050014,2025-12-31,INPATIENT,1000.00,,SUBMITTED,2025-12-31 17:04:07+00:00
CL0000355,P0001173,11-01060015,2025-12-15,INPATIENT,9841.40,6703.76,PARTIALLY_APPROVED,2025-12-15 23:53:57+00:00
CL0000356,P0001179,11-15010003,2025-06-06,INPATIENT,5412.13,5412.13,APPROVED,2025-06-06 19:53:33+00:00
CL0000357,P0001179,11-15010003,2024-12-20,INPATIENT,3587.06,0.00,REJECTED,2024-12-20 00:24:45+00:00
CL0000358,P0001180,21-15010010,2025-12-07,OUTPATIENT,246.43,246.43,APPROVED,2025-12-07 22:34:22+00:00
CL0000359,P0001187,11-16010075,2025-11-26,OUTPATIENT,207.99,0.00,REJECTED,2025-11-26 12:50:57+00:00
CL0000360,P0001190,12-14010031,2025-12-02,INPATIENT,21980.70,21980.70,APPROVED,2025-12-02 21:31:59+00:00
CL0000361,P0001191,11-01030012,2025-12-20,INPATIENT,2293.84,,SUBMITTED,2025-12-20 20:38:08+00:00
CL0000362,P0001196,21-14010079,2025-11-06,OUTPATIENT,262.54,201.39,PARTIALLY_APPROVED,2025-11-06 14:44:30+00:00
CL0000363,P0001201,11-16010075,2025-12-27,INPATIENT,2891.02,2891.02,APPROVED,2025-12-27 22:29:14+00:00
CL0000364,P0001205,21-08060236,2025-02-27,OUTPATIENT,396.80,396.80,APPROVED,2025-02-27 22:09:55+00:00
CL0000365,P0001211,21-05070174,2025-12-23,OUTPATIENT,564.84,564.84,APPROVED,2025-12-23 14:37:32+00:00
CL0000366,P0001211,21-05040126,2025-12-25,OUTPATIENT,120.17,,SUBMITTED,2025-12-25 07:55:14+00:00
CL0000367,P0001216,11-09010003,2025-12-21,EMERGENCY,539.69,539.69,APPROVED,2025-12-21 16:40:54+00:00
CL0000368,P0001219,11-08070022,2025-08-09,EMERGENCY,583.89,583.89,APPROVED,2025-08-09 21:58:18+00:00
CL0000369,P0001219,11-08030014,2025-06-15,EMERGENCY,1728.94,1728.94,APPROVED,2025-06-15 03:33:47+00:00
CL0000370,P0001222,11-02110021,2025-12-21,INPATIENT,3272.59,3272.59,APPROVED,2025-12-21 05:13:34+00:00
CL0000371,P0001223,21-02030255,2025-12-31,OUTPATIENT,1202.31,,SUBMITTED,2025-12-31 04:01:16+00:00
CL0000372,P0001226,11-10060020,2025-09-03,INPATIENT,54157.42,0.00,REJECTED,2025-09-03 00:05:48+00:00
CL0000373,P0001227,11-10070294,2025-09-21,INPATIENT,9209.60,9209.60,APPROVED,2025-09-21 16:51:01+00:00
CL0000374,P0001229,21-03050065,2025-12-19,OUTPATIENT,739.90,,SUBMITTED,2025-12-19 01:29:13+00:00
CL0000375,P0001236,11-13270034,2025-12-19,INPATIENT,7883.90,7883.90,APPROVED,2025-12-19 19:20:56+00:00
CL0000376,P0001236,11-08090013,2025-12-14,EMERGENCY,899.42,899.42,APPROVED,2025-12-14 06:14:39+00:00
CL0000377,P0001240,21-11040169,2025-12-03,OUTPATIENT,266.65,266.65,APPROVED,2025-12-03 23:48:23+00:00
CL0000378,P0001242,21-15010008,2025-12-23,OUTPATIENT,70.55,,SUBMITTED,2025-12-23 14:06:37+00:00
CL0000379,P0001243,21-15010004,2025-12-22,OUTPATIENT,130.76,130.76,APPROVED,2025-12-22 00:12:51+00:00
CL0000380,P0001243,21-08070233,2025-12-31,OUTPATIENT,503.37,503.37,APPROVED,2025-12-31 19:37:47+00:00
CL0000381,P0001247,11-14010410,2025-12-23,INPATIENT,8546.23,,SUBMITTED,2025-12-23 16:44:30+00:00
CL0000382,P0001251,21-09010037,2025-05-31,OUTPATIENT,165.30,165.30,APPROVED,2025-05-31 03:45:26+00:00
CL0000383,P0001258,11-08070018,2025-12-31,INPATIENT,8124.73,8124.73,APPROVED,2025-12-31 23:08:44+00:00
CL0000384,P0001261,11-06090021,2025-11-08,EMERGENCY,1565.62,1565.62,APPROVED,2025-11-08 07:14:30+00:00
CL0000385,P0001262,21-06110574,2025-12-26,OUTPATIENT,111.91,96.45,PARTIALLY_APPROVED,2025-12-26 14:42:14+00:00
CL0000386,P0001264,11-13110018,2025-12-29,EMERGENCY,4136.33,4136.33,APPROVED,2025-12-29 00:13:01+00:00
CL0000387,P0001266,11-09010003,2025-11-27,INPATIENT,9862.22,9862.22,APPROVED,2025-11-27 21:17:37+00:00
CL0000388,P0001276,11-03060016,2025-08-14,INPATIENT,2546.48,1583.67,PARTIALLY_APPROVED,2025-08-14 13:48:37+00:00
CL0000389,P0001278,11-08060021,2025-09-13,INPATIENT,7715.04,3518.16,PARTIALLY_APPROVED,2025-09-13 18:56:25+00:00
CL0000390,P0001278,11-08010020,2025-06-15,INPATIENT,22000.00,22000.00,APPROVED,2025-06-15 15:26:55+00:00
CL0000391,P0001279,11-07030013,2025-12-08,INPATIENT,3020.36,3020.36,APPROVED,2025-12-08 22:30:36+00:00
CL0000392,P0001281,11-07050009,2025-11-05,INPATIENT,11593.28,0.00,REJECTED,2025-11-05 02:33:12+00:00
CL0000393,P0001290,11-08020024,2025-12-26,INPATIENT,65000.00,,SUBMITTED,2025-12-26 22:16:08+00:00
CL0000394,P0001298,11-06080020,2025-12-04,EMERGENCY,473.04,473.04,APPROVED,2025-12-04 14:52:58+00:00
CL0000395,P0001300,21-14010015,2025-12-08,OUTPATIENT,519.72,519.72,APPROVED,2025-12-08 09:35:11+00:00
CL0000396,P0001304,11-12190041,2025-12-18,INPATIENT,27078.22,27078.22,APPROVED,2025-12-18 06:01:27+00:00
CL0000397,P0001308,11-01021181,2025-12-31,INPATIENT,24096.15,,SUBMITTED,2025-12-31 04:07:15+00:00
CL0000398,P0001308,11-10072300,2025-12-19,INPATIENT,3455.44,,SUBMITTED,2025-12-19 12:04:48+00:00
CL0000399,P0001311,11-07050009,2025-12-24,INPATIENT,17976.71,16045.66,PARTIALLY_APPROVED,2025-12-24 00:08:12+00:00
CL0000400,P0001312,11-09010003,2025-07-20,INPATIENT,1000.00,1000.00,APPROVED,2025-07-20 16:29:12+00:00
CL0000401,P0001318,11-01040013,2025-12-24,INPATIENT,6324.85,5233.04,PARTIALLY_APPROVED,2025-12-24 01:10:45+00:00
CL0000402,P0001318,11-12080033,2025-11-23,INPATIENT,14025.43,11760.10,PARTIALLY_APPROVED,2025-11-23 00:20:59+00:00
CL0000403,P0001321,21-05070026,2025-09-30,OUTPATIENT,333.21,333.21,APPROVED,2025-09-30 05:16:18+00:00
CL0000404,P0001323,21-04010057,2025-12-23,OUTPATIENT,188.91,188.91,APPROVED,2025-12-23 06:02:12+00:00
CL0000405,P0001323,21-04010065,2025-12-26,OUTPATIENT,651.62,651.62,APPROVED,2025-12-26 18:21:37+00:00
CL0000406,P0001327,11-02110021,2025-12-13,INPATIENT,14419.75,14419.75,APPROVED,2025-12-13 21:50:01+00:00
CL0000407,P0001327,11-02030085,2025-12-22,EMERGENCY,1257.61,1257.61,APPROVED,2025-12-22 12:35:12+00:00
CL0000408,P0001329,11-11040013,2025-12-26,INPATIENT,11693.24,,SUBMITTED,2025-12-26 04:35:46+00:00
CL0000409,P0001331,21-06090295,2025-12-28,OUTPATIENT,665.88,,SUBMITTED,2025-12-28 17:40:03+00:00
CL0000410,P0001331,11-06100019,2025-12-22,INPATIENT,9652.83,9652.83,APPROVED,2025-12-22 19:41:20+00:00
CL0000411,P0001334,11-16010075,2025-12-08,INPATIENT,21464.48,21464.48,APPROVED,2025-12-08 15:42:56+00:00
CL0000412,P0001339,21-13120204,2025-04-02,OUTPATIENT,344.08,344.08,APPROVED,2025-04-02 18:49:44+00:00
CL0000413,P0001347,11-06080020,2025-10-29,INPATIENT,3083.95,2069.14,PARTIALLY_APPROVED,2025-10-29 16:48:13+00:00
CL0000414,P0001351,11-02050015,2025-12-31,EMERGENCY,1321.32,1321.32,APPROVED,2025-12-31 09:33:15+00:00
CL0000415,P0001352,11-10060020,2025-10-12,INPATIENT,5372.51,2830.53,PARTIALLY_APPROVED,2025-10-12 10:54:07+00:00
CL0000416,P0001354,11-06070016,2025-10-20,INPATIENT,6758.82,6758.82,APPROVED,2025-10-20 19:32:09+00:00
CL0000417,P0001355,11-02050015,2024-10-31,INPATIENT,2518.26,1586.88,PARTIALLY_APPROVED,2024-10-31 06:59:14+00:00
CL0000418,P0001356,12-14010031,2025-12-30,INPATIENT,3893.51,3893.51,APPROVED,2025-12-30 13:41:03+00:00
CL0000419,P0001361,21-02060063,2025-12-27,OUTPATIENT,364.07,0.00,REJECTED,2025-12-27 12:37:34+00:00
CL0000420,P0001361,11-02070018,2025-11-05,INPATIENT,9491.26,9491.26,APPROVED,2025-11-05 14:10:24+00:00
CL0000421,P0001362,11-16010075,2025-10-07,INPATIENT,13301.27,13301.27,APPROVED,2025-10-07 00:36:23+00:00
CL0000422,P0001371,21-15010004D,2025-10-06,DENTAL,138.33,138.33,APPROVED,2025-10-06 22:49:31+00:00
CL0000423,P0001375,11-02030085,2025-12-13,EMERGENCY,870.51,469.80,PARTIALLY_APPROVED,2025-12-13 23:20:02+00:00
