customer_id,first_name,last_name,gender,date_of_birth,state,occupation,created_at
C000001,Khairul,Salleh,Male,1994-03-24,Melaka,Pharmacist,2024-06-20 20:50:05+00:00
C000002,Ain,Ibrahim,Female,1994-09-20,Johor,Mechanical Engineer,2025-06-10 00:20:19+00:00
C000003,Sarah,Jaafar,Female,1981-06-09,Negeri Sembilan,Customer Service Representative,2025-01-20 20:16:44+00:00
C000004,Harith,Sulaiman,Male,1970-05-26,Kedah,Retail Assistant,2024-09-16 04:28:36+00:00
C000005,Prakash,Chettiar,Male,1973-05-27,Selangor,Nurse,2025-06-17 21:28:04+00:00
C000006,Zhi Wei,Teoh,Male,1994-02-13,Pulau Pinang,Lecturer,2024-03-20 10:43:01+00:00
C000007,Zikri,Hashim,Male,1964-11-21,Kelantan,Operations Manager,2024-03-20 17:46:09+00:00
C000008,Zikri,Zulkifli,Male,1968-12-18,Perlis,Pharmacist,2025-02-01 21:57:49+00:00
C000009,Kian Wee,Low,Male,1991-02-07,Sarawak,Customer Service Representative,2024-02-28 05:49:25+00:00
C000010,Geetha,Ganesan,Female,1999-05-05,Perlis,Retail Assistant,2024-06-04 04:22:36+00:00
C000011,Wen Jing,Sim,Female,1985-04-05,Labuan,Bank Officer,2025-11-12 20:00:29+00:00
C000012,Zhi Wei,Sim,Male,1984-07-20,Putrajaya,Marketing Specialist,2025-04-17 03:51:28+00:00
C000013,Kok Wai,Lim,Male,1967-06-04,Sabah,HR Executive,2025-07-22 07:28:50+00:00
C000014,Kumar,Naidu,Male,1976-03-17,Melaka,Teacher,2024-03-30 13:08:03+00:00
C000015,Syafiq,Yusof,Male,1975-01-20,Sarawak,Legal Assistant,2025-12-11 19:55:38+00:00
C000016,Pei Shan,Teoh,Female,2005-04-29,Kelantan,Bank Officer,2024-08-20 21:28:49+00:00
C000017,Syafiq,Baharuddin,Male,1998-05-17,Kuala Lumpur,Customer Service Representative,2024-06-26 16:40:35+00:00
C000018,Hidayah,Sulaiman,Female,1975-08-04,Perlis,Doctor,2025-10-26 11:41:27+00:00
C000019,Firdaus,Mansor,Male,1994-01-03,Kedah,Doctor,2025-10-22 22:51:23+00:00
C000020,Sarah,Mansor,Female,1966-08-07,Negeri Sembilan,Retail Assistant,2024-05-25 03:01:15+00:00
C000021,Syahirah,Baharuddin,Female,1996-02-04,Kuala Lumpur,Financial Analyst,2024-10-23 09:01:57+00:00
C000022,Xiao Wei,Lee,Female,2005-07-24,Sarawak,Security Guard,2025-09-10 14:56:49+00:00
C000023,Danial,Karim,Male,1981-03-09,Putrajaya,Doctor,2025-10-14 07:51:58+00:00
C000024,Ahmad,Halim,Male,2003-04-06,Kuala Lumpur,Legal Assistant,2024-08-25 16:13:04+00:00
C000025,Revathi,Nair,Female,1979-05-14,Labuan,Civil Servant,2025-06-19 13:11:50+00:00
C000026,Ravi,Chandran,Male,1961-06-02,Kedah,Nurse,2024-08-29 05:41:31+00:00
C000027,Mohd,Ghani,Male,1997-02-20,Kelantan,Pharmacist,2025-05-04 09:17:57+00:00
C000028,Anand,Chandran,Male,1971-10-02,Kelantan,HR Executive,2024-02-26 02:44:57+00:00
C000029,Pavithra,Raman,Female,1993-05-13,Negeri Sembilan,Pharmacist,2024-03-10 13:04:39+00:00
C000030,Siti,Ibrahim,Female,1979-10-19,Melaka,Bank Officer,2024-06-28 16:14:22+00:00
C000031,Aisyah,Sulaiman,Female,1993-06-10,Pahang,Lecturer,2024-06-22 12:59:09+00:00
C000032,Jian Hao,Ong,Male,1966-02-05,Pulau Pinang,Chef,2025-09-12 03:51:28+00:00
C000033,Farhan,Kassim,Male,1963-06-07,Pulau Pinang,Marketing Specialist,2024-08-17 14:51:26+00:00
C000034,Zikri,Daud,Male,2006-01-11,Negeri Sembilan,Palm Oil Mill Operator,2025-04-06 18:07:02+00:00
C000035,Aqilah,Daud,Female,1964-03-18,Kedah,Software Engineer,2024-12-17 02:47:30+00:00
C000036,Aiman,Ismail,Male,1985-01-29,Selangor,Customer Service Representative,2024-02-01 14:54:54+00:00
C000037,Azman,Halim,Male,1969-12-05,Perlis,Teacher,2025-07-17 17:33:14+00:00
C000038,Syahirah,Hamzah,Female,1966-12-26,Perlis,Driver,2025-07-20 20:03:52+00:00
C000039,Pei Shan,Khoo,Female,1996-08-12,Sabah,Software Engineer,2025-05-11 15:53:01+00:00
C000040,Zi Yang,Yeoh,Male,1991-02-25,Pulau Pinang,Financial Analyst,2024-03-14 05:27:12+00:00
C000041,Sue Anne,Ong,Female,2007-02-09,Pahang,Nurse,2025-04-03 22:36:26+00:00
C000042,Syamil,Sulaiman,Male,1981-10-17,Melaka,Graphic Designer,2024-05-19 17:04:46+00:00
C000043,Siti,Daud,Female,1975-09-22,Perak,Financial Analyst,2024-10-15 21:27:09+00:00
C000044,Yan Ling,Lim,Female,1976-05-22,Kuala Lumpur,Factory Technician,2024-11-13 13:14:08+00:00
C000045,Amir,Zulkifli,Male,1969-10-10,Terengganu,Mechanical Engineer,2025-12-30 12:56:11+00:00
C000046,Diana,Jaafar,Female,1967-06-15,Putrajaya,Lecturer,2024-02-08 16:13:10+00:00
C000047,Xin Yi,Ng,Female,1990-09-22,Sarawak,Bank Officer,2025-05-04 12:41:53+00:00
C000048,Wei Kang,Chong,Male,2006-04-16,Kelantan,Lecturer,2024-11-01 01:04:16+00:00
C000049,Meng Tat,Yeoh,Male,1983-04-05,Johor,Warehouse Coordinator,2025-09-12 08:31:16+00:00
C000050,Haziq,Ghani,Male,2005-09-08,Melaka,Lecturer,2025-08-16 07:04:59+00:00
C000051,Geetha,Naidu,Female,1969-12-29,Kuala Lumpur,Software Engineer,2024-06-17 07:45:54+00:00
C000052,Chun Kit,Khoo,Male,1992-04-27,Pulau Pinang,Sales Executive,2024-07-15 06:21:23+00:00
C000053,Aiman,Ibrahim,Male,1993-05-11,Sarawak,Warehouse Coordinator,2024-06-25 21:03:59+00:00
C000054,Danial,Zulkifli,Male,1963-04-03,Kuala Lumpur,HR Executive,2025-01-26 04:14:39+00:00
C000055,Syahirah,Hashim,Female,1984-10-31,Johor,Teacher,2024-05-20 10:09:03+00:00
C000056,Intan,Sulaiman,Female,1984-07-18,Perlis,Legal Assistant,2025-05-20 14:03:46+00:00
C000057,Puteri,Zulkifli,Female,1966-11-26,Terengganu,Retail Assistant,2025-07-14 06:58:59+00:00
C000058,Suresh,Devadas,Male,1983-10-19,Johor,Bank Officer,2024-03-12 08:23:41+00:00
C000059,Jun Jie,Ng,Male,1992-07-11,Perak,Lecturer,2025-01-30 11:42:44+00:00
C000060,Sarah,Daud,Female,2003-08-01,Kedah,Financial Analyst,2025-05-15 00:19:45+00:00
C000061,Wei Kang,Lee,Male,1993-04-27,Johor,Operations Manager,2025-07-27 15:18:54+00:00
C000062,Firdaus,Othman,Male,1995-08-23,Pulau Pinang,Sales Executive,2024-12-18 17:53:28+00:00
C000063,Jian Hao,Ng,Male,2002-10-01,Sabah,Nurse,2024-02-06 10:20:08+00:00
C000064,Kavitha,Raman,Female,1971-12-27,Perlis,Chef,2024-01-17 13:01:11+00:00
C000065,Jun Jie,Tee,Male,1986-09-14,Selangor,Bank Officer,2024-07-30 00:25:26+00:00
C000066,Fazira,Daud,Female,2002-07-31,Selangor,Palm Oil Mill Operator,2024-09-16 18:25:48+00:00
C000067,Sarah,Ghani,Female,1969-09-25,Labuan,Lecturer,2024-10-10 02:25:44+00:00
C000068,Aisyah,Mansor,Female,1991-08-08,Putrajaya,Nurse,2024-04-15 10:12:06+00:00
C000069,Anis,Hamzah,Female,1977-04-12,Pulau Pinang,Factory Technician,2025-03-19 02:17:41+00:00
C000070,Ain,Ghani,Female,2003-04-24,Kuala Lumpur,Legal Assistant,2024-06-10 15:15:01+00:00
C000071,Siew Ling,Khoo,Female,2007-02-10,Perlis,Graphic Designer,2024-01-22 15:08:30+00:00
C000072,Chui Ping,Chia,Female,1973-09-12,Kuala Lumpur,Retail Assistant,2024-06-15 11:57:23+00:00
C000073,Yan Ling,Chan,Female,1992-04-04,Perak,Factory Technician,2025-08-30 04:29:24+00:00
C000074,Zikri,Baharuddin,Male,1962-10-25,Sabah,Chef,2025-06-15 13:12:51+00:00
C000075,Ahmad,Ariffin,Male,1963-09-05,Pulau Pinang,Administrative Assistant,2025-11-05 03:51:11+00:00
C000076,Chui Ping,Chong,Female,2002-01-19,Sabah,Legal Assistant,2024-08-27 07:57:47+00:00
C000077,Sarah,Ismail,Female,1978-02-27,Kelantan,Graphic Designer,2024-08-14 21:18:10+00:00
C000078,Aiman,Jaafar,Male,2003-04-04,Kuala Lumpur,Operations Manager,2024-04-29 01:29:03+00:00
C000079,Chun Kit,Yeoh,Male,1980-05-28,Kuala Lumpur,Electrician,2024-05-27 01:23:21+00:00
C000080,Wai Loon,Lim,Male,1968-04-09,Kelantan,Construction Supervisor,2025-04-29 17:40:18+00:00
C000081,Haziq,Daud,Male,1964-10-16,Sabah,Administrative Assistant,2025-05-07 13:30:38+00:00
C000082,Xin Yi,Ho,Female,1965-04-30,Pulau Pinang,Security Guard,2024-03-30 02:31:36+00:00
C000083,Khairul,Halim,Male,1967-03-30,Pulau Pinang,Software Engineer,2025-08-07 21:24:01+00:00
C000084,Luqman,Ariffin,Male,1961-10-30,Sabah,Lecturer,2025-08-25 06:56:07+00:00
C000085,Chui Ping,Chan,Female,1980-02-20,Kedah,Warehouse Coordinator,2024-10-14 12:15:53+00:00
C000086,Balqis,Mansor,Female,1971-01-25,Pulau Pinang,Nurse,2025-11-19 17:37:18+00:00
C000087,Sarah,Karim,Female,1997-10-14,Labuan,Bank Officer,2024-09-05 11:19:53+00:00
C000088,Anis,Othman,Female,1987-07-23,Labuan,Electrician,2024-02-21 09:25:12+00:00
C000089,Zikri,Hamzah,Male,1988-02-25,Terengganu,Teacher,2024-07-22 23:57:30+00:00
C000090,Alia,Hashim,Female,1985-10-25,Labuan,Palm Oil Mill Operator,2024-10-04 22:07:16+00:00
C000091,Aiman,Razak,Male,1980-12-16,Melaka,Accountant,2024-03-25 01:49:54+00:00
C000092,Wei Kang,Teoh,Male,1973-07-03,Perlis,Software Engineer,2025-09-05 07:11:58+00:00
C000093,Meng Tat,Chong,Male,1963-05-17,Pulau Pinang,HR Executive,2024-08-23 06:48:26+00:00
C000094,Faizal,Razak,Male,1996-10-17,Negeri Sembilan,Teacher,2025-10-20 13:56:32+00:00
C000095,Sarah,Ghani,Female,1989-10-19,Labuan,Teacher,2025-07-31 07:44:31+00:00
C000096,Aqilah,Halim,Female,1984-08-30,Sarawak,Teacher,2025-06-20 15:18:20+00:00
C000097,Nur,Daud,Female,1988-12-16,Terengganu,Graphic Designer,2024-02-20 00:15:39+00:00
C000098,Danial,Ismail,Male,1976-10-11,Melaka,Teacher,2024-10-06 20:22:11+00:00
C000099,Syahirah,Razak,Female,1967-03-03,Labuan,Security Guard,2025-04-03 11:40:25+00:00
C000100,Wen Jing,Low,Female,1988-11-23,Labuan,Teacher,2024-06-24 22:41:35+00:00
C000101,Khairul,Ariffin,Male,1961-02-14,Melaka,Sales Executive,2024-03-22 20:20:27+00:00
C000102,Siti,Ariffin,Female,2006-06-26,Kedah,Electrician,2024-12-28 10:21:09+00:00
C000103,Syahirah,Ghani,Female,1972-11-26,Pahang,Construction Supervisor,2025-07-04 21:07:30+00:00
C000104,Chui Ping,Goh,Female,1971-03-08,Putrajaya,Palm Oil Mill Operator,2025-04-14 07:16:04+00:00
C000105,Yan Ling,Ho,Female,1965-09-06,Kelantan,Lecturer,2025-01-11 02:36:26+00:00
C000106,Zi Xuan,Sim,Female,1979-05-07,Terengganu,Teacher,2024-08-23 20:07:01+00:00
C000107,Firdaus,Sulaiman,Male,1990-12-10,Johor,Software Engineer,2024-02-25 09:35:21+00:00
C000108,Diana,Ismail,Female,1961-08-27,Sabah,Sales Executive,2025-05-09 01:53:51+00:00
C000109,Diana,Hashim,Female,1992-11-25,Negeri Sembilan,Palm Oil Mill Operator,2025-09-22 01:09:18+00:00
C000110,Muhammad,Karim,Male,1971-06-24,Negeri Sembilan,Bank Officer,2025-03-03 12:06:17+00:00
C000111,Aqilah,Razak,Female,1985-09-17,Pulau Pinang,Software Engineer,2025-07-15 14:38:39+00:00
C000112,Pavithra,Krishnan,Female,2001-08-31,Kelantan,Civil Servant,2025-05-13 09:31:51+00:00
C000113,Siti,Zulkifli,Female,1992-09-04,Putrajaya,Financial Analyst,2024-02-11 14:27:18+00:00
C000114,Xiao Wei,Chia,Female,1965-04-16,Johor,Operations Manager,2024-06-04 12:03:28+00:00
C000115,Jian Hao,Ho,Male,1967-07-04,Negeri Sembilan,Administrative Assistant,2025-11-22 12:55:07+00:00
C000116,Aqilah,Mansor,Female,2000-07-15,Selangor,Pharmacist,2024-01-17 04:19:56+00:00
C000117,Syahirah,Razak,Female,1967-02-27,Labuan,Operations Manager,2024-11-08 13:48:54+00:00
C000118,Chun Kit,Lau,Male,1980-04-28,Selangor,Chef,2024-01-28 10:37:33+00:00
C000119,Ain,Salleh,Female,2001-08-03,Perak,Palm Oil Mill Operator,2024-03-16 02:15:31+00:00
C000120,Khairul,Hamzah,Male,2000-10-07,Kelantan,Software Engineer,2024-06-11 16:27:28+00:00
C000121,Zi Yang,Goh,Male,1999-10-01,Pulau Pinang,Teacher,2025-08-04 19:16:02+00:00
C000122,Mei Ling,Lim,Female,2000-01-12,Perlis,Nurse,2025-02-02 23:25:32+00:00
C000123,Azman,Razak,Male,1975-02-24,Kelantan,Legal Assistant,2024-09-27 10:49:07+00:00
C000124,Luqman,Mansor,Male,2006-12-26,Sabah,Lecturer,2024-03-12 22:51:58+00:00
C000125,Murugan,Sundaram,Male,1981-11-04,Labuan,Police Officer,2024-10-02 21:19:28+00:00
C000126,Mohd,Razak,Male,2000-05-20,Sarawak,Graphic Designer,2024-04-28 04:40:59+00:00
C000127,Syahirah,Kassim,Female,2002-12-04,Perak,HR Executive,2024-09-24 15:40:51+00:00
C000128,Nadia,Karim,Female,1982-12-04,Sarawak,HR Executive,2025-02-13 14:43:12+00:00
C000129,Tharani,Ganesan,Female,2004-02-27,Kelantan,Bank Officer,2024-10-14 20:29:04+00:00
C000130,Shu Ting,Ong,Female,1971-09-18,Sarawak,Pharmacist,2025-08-27 09:02:35+00:00
C000131,Shu Ting,Sim,Female,1990-10-10,Selangor,Chef,2024-05-18 05:31:33+00:00
C000132,Khairul,Baharuddin,Male,2002-06-28,Selangor,Chef,2025-03-20 03:05:52+00:00
C000133,Wei Kang,Ong,Male,1970-11-27,Pulau Pinang,Accountant,2025-06-29 14:03:02+00:00
C000134,Priya,Murugan,Female,1997-03-19,Terengganu,Bank Officer,2025-08-07 00:56:49+00:00
C000135,Farhan,Ghani,Male,1984-07-15,Sarawak,Construction Supervisor,2024-12-17 12:39:14+00:00
C000136,Xin Yi,Tee,Female,2005-03-06,Kedah,Pharmacist,2025-10-08 14:05:35+00:00
C000137,Siew Ling,Khoo,Female,1982-05-07,Melaka,Financial Analyst,2024-10-16 19:57:46+00:00
C000138,Chui Ping,Tee,Female,1975-11-10,Kedah,Doctor,2024-11-21 02:10:46+00:00
C000139,Farhan,Ariffin,Male,2000-05-10,Sarawak,Chef,2025-12-23 05:53:27+00:00
C000140,Aqilah,Zulkifli,Female,1963-04-17,Selangor,Bank Officer,2024-11-19 22:27:36+00:00
C000141,Puteri,Ibrahim,Female,1972-07-19,Terengganu,Police Officer,2024-03-15 08:47:33+00:00
C000142,Puteri,Abdullah,Female,1998-10-15,Selangor,Bank Officer,2024-10-09 20:08:45+00:00
C000143,Izzat,Zulkifli,Male,2003-07-28,Sabah,Retail Assistant,2025-01-17 15:55:59+00:00
C000144,Xiao Wei,Wong,Female,1975-09-07,Selangor,Financial Analyst,2024-03-10 18:37:22+00:00
C000145,Farhan,Salleh,Male,1997-10-05,Kelantan,Construction Supervisor,2024-03-27 06:00:36+00:00
C000146,Siew Ling,Tee,Female,1965-10-21,Sarawak,Teacher,2024-03-28 12:29:24+00:00
C000147,Haziq,Baharuddin,Male,1968-05-26,Pulau Pinang,Nurse,2025-11-03 11:11:11+00:00
C000148,Muhammad,Karim,Male,2005-06-27,Sabah,Bank Officer,2024-03-10 20:42:45+00:00
C000149,Nur,Halim,Female,1980-10-21,Perak,Factory Technician,2024-04-20 06:40:59+00:00
C000150,Mohan,Appadurai,Male,1987-12-03,Pahang,Administrative Assistant,2025-04-21 08:03:43+00:00
C000151,Anis,Kassim,Female,1985-06-30,Sabah,Graphic Designer,2024-11-07 11:40:50+00:00
C000152,Zhi Wei,Low,Male,1987-02-18,Terengganu,Electrician,2025-04-16 00:05:43+00:00
C000153,Danial,Jaafar,Male,1986-05-31,Terengganu,Civil Servant,2024-04-30 20:54:56+00:00
C000154,Nadhirah,Hamzah,Female,1966-12-27,Kelantan,Palm Oil Mill Operator,2024-02-13 08:35:04+00:00
C000155,Anis,Ariffin,Female,1995-06-25,Labuan,Customer Service Representative,2025-05-13 18:59:30+00:00
C000156,Izzat,Othman,Male,1974-12-29,Kedah,Pharmacist,2025-01-20 01:29:54+00:00
C000157,Amir,Razak,Male,1997-12-25,Pahang,Retail Assistant,2024-10-08 22:24:34+00:00
C000158,Hidayah,Mansor,Female,1969-05-25,Putrajaya,Doctor,2024-07-02 15:17:32+00:00
C000159,Tharani,Menon,Female,1996-06-22,Putrajaya,Lecturer,2025-03-17 10:05:48+00:00
C000160,Meena,Sundaram,Female,1970-03-28,Pulau Pinang,Administrative Assistant,2024-03-14 06:30:09+00:00
C000161,Alia,Othman,Female,2001-05-03,Pahang,Driver,2024-09-26 05:18:34+00:00
C000162,Chee Keong,Wong,Male,1980-06-30,Johor,HR Executive,2025-11-06 09:33:56+00:00
C000163,Mastura,Ibrahim,Female,1994-01-11,Melaka,Software Engineer,2024-03-05 11:47:33+00:00
C000164,Hakim,Ariffin,Male,1964-03-25,Labuan,Lecturer,2024-04-09 23:48:32+00:00
C000165,Danial,Hashim,Male,1973-12-20,Kuala Lumpur,Chef,2025-03-10 15:20:53+00:00
C000166,Syahirah,Mansor,Female,1968-10-15,Kelantan,Chef,2024-08-06 02:16:25+00:00
C000167,Chee Keong,Tee,Male,1963-03-10,Kuala Lumpur,Accountant,2024-04-10 11:09:16+00:00
C000168,Mohd,Yusof,Male,1975-06-03,Johor,Graphic Designer,2024-09-05 22:24:54+00:00
C000169,Priya,Krishnan,Female,1986-02-12,Perlis,Retail Assistant,2024-02-27 01:07:34+00:00
C000170,Jia Hao,Low,Male,2006-06-18,Sarawak,Software Engineer,2024-03-12 17:37:31+00:00
C000171,Divya,Appadurai,Female,2000-02-23,Putrajaya,Administrative Assistant,2025-03-05 16:39:38+00:00
C000172,Zi Yang,Lee,Male,1989-09-13,Labuan,Driver,2025-11-23 00:26:50+00:00
C000173,Syamil,Ismail,Male,1991-02-26,Selangor,HR Executive,2024-11-16 07:59:23+00:00
C000174,Fazira,Yusof,Female,1964-08-12,Pulau Pinang,Security Guard,2025-10-07 08:32:40+00:00
C000175,Syafiq,Yusof,Male,1990-06-04,Kelantan,Factory Technician,2024-02-23 13:14:10+00:00
C000176,Anis,Daud,Female,1964-08-12,Putrajaya,Administrative Assistant,2025-01-03 01:36:51+00:00
C000177,Aisyah,Ismail,Female,1966-11-13,Selangor,Marketing Specialist,2024-02-04 18:10:31+00:00
C000178,Haziq,Kassim,Male,2006-03-03,Perlis,Sales Executive,2024-03-10 10:39:45+00:00
C000179,Nur,Jaafar,Female,1970-03-22,Putrajaya,Financial Analyst,2024-12-15 07:50:12+00:00
C000180,Harith,Ghani,Male,1983-06-21,Pulau Pinang,Doctor,2025-09-05 23:03:24+00:00
C000181,Syafiq,Zulkifli,Male,2001-05-25,Pulau Pinang,Police Officer,2024-09-30 16:11:16+00:00
C000182,Li Ting,Khoo,Female,2001-03-28,Kelantan,Lecturer,2025-07-07 07:47:39+00:00
C000183,Hong Sen,Low,Male,1963-02-18,Sabah,Warehouse Coordinator,2025-02-26 18:15:56+00:00
C000184,Chee Keong,Liew,Male,2001-04-26,Negeri Sembilan,Doctor,2024-08-12 23:02:35+00:00
C000185,Hidayah,Sulaiman,Female,1973-03-20,Kelantan,Bank Officer,2025-02-17 09:30:13+00:00
C000186,Balqis,Daud,Female,2004-03-11,Kelantan,Lecturer,2024-09-09 05:09:49+00:00
C000187,Balqis,Halim,Female,1997-03-14,Kedah,Software Engineer,2025-08-25 05:08:12+00:00
C000188,Syamil,Yusof,Male,1963-04-12,Sabah,Teacher,2025-10-11 14:52:33+00:00
C000189,Kok Wai,Ong,Male,2000-11-10,Kelantan,Marketing Specialist,2024-03-14 17:51:37+00:00
C000190,Luqman,Kassim,Male,1987-10-02,Johor,Bank Officer,2025-11-14 00:38:44+00:00
C000191,Ying Ying,Tee,Female,1969-11-01,Labuan,Warehouse Coordinator,2024-03-28 04:08:11+00:00
C000192,Chui Ping,Teoh,Female,1993-11-13,Sabah,Lecturer,2025-10-17 21:49:08+00:00
C000193,Haziq,Baharuddin,Male,1995-06-20,Negeri Sembilan,Factory Technician,2025-02-07 11:25:32+00:00
C000194,Alia,Sulaiman,Female,1973-02-11,Perlis,Lecturer,2025-08-27 14:15:42+00:00
C000195,Nur,Othman,Female,1990-07-28,Kuala Lumpur,Doctor,2025-07-20 12:04:43+00:00
C000196,Fazira,Yusof,Female,1976-08-16,Sabah,Legal Assistant,2025-12-07 20:43:18+00:00
C000197,Ain,Mansor,Female,1971-06-02,Kedah,Electrician,2024-08-11 02:14:43+00:00
C000198,Farhana,Abdullah,Female,1981-03-29,Pulau Pinang,Retail Assistant,2024-12-21 09:19:05+00:00
C000199,Balqis,Ismail,Female,1973-04-12,Sabah,Bank Officer,2024-11-30 05:38:27+00:00
C000200,Xiao Wei,Chan,Female,2000-02-13,Selangor,Security Guard,2025-01-17 03:41:24+00:00
C000201,Wen Jing,Lau,Female,1976-01-02,Kedah,Civil Servant,2025-01-23 06:45:06+00:00
C000202,Nadhirah,Ghani,Female,1988-10-11,Pahang,Graphic Designer,2024-04-08 13:06:19+00:00
C000203,Aqilah,Ghani,Female,1977-12-19,Sabah,Legal Assistant,2025-12-13 10:35:19+00:00
C000204,Yan Ling,Sim,Female,1962-12-21,Johor,Operations Manager,2024-09-01 14:19:57+00:00
C000205,Meng Tat,Tee,Male,1998-09-21,Terengganu,Civil Servant,2024-02-02 15:10:55+00:00
C000206,Farhan,Othman,Male,2007-08-11,Kuala Lumpur,Civil Servant,2024-11-03 16:34:36+00:00
C000207,Fazira,Kassim,Female,1961-12-02,Negeri Sembilan,Marketing Specialist,2025-06-01 03:34:44+00:00
C000208,Revathi,Appadurai,Female,1988-03-15,Sarawak,Mechanical Engineer,2025-01-02 00:34:41+00:00
C000209,Pei Shan,Lau,Female,1991-09-10,Perlis,Electrician,2025-03-10 16:27:12+00:00
C000210,Aqilah,Sulaiman,Female,1962-05-10,Melaka,Nurse,2024-02-07 04:13:23+00:00
C000211,Bavani,Chettiar,Female,1999-05-02,Sabah,Police Officer,2025-10-11 11:23:22+00:00
C000212,Li Ting,Khoo,Female,1996-09-09,Pulau Pinang,Civil Servant,2025-09-10 01:35:02+00:00
C000213,Khairul,Ghani,Male,1968-04-02,Melaka,HR Executive,2025-01-26 06:48:02+00:00
C000214,Wei Kang,Chong,Male,1973-03-14,Labuan,Legal Assistant,2024-03-04 16:44:17+00:00
C000215,Aisyah,Ismail,Female,1967-10-08,Kedah,Welder,2025-07-04 08:47:07+00:00
C000216,Murugan,Subramaniam,Male,1977-03-30,Sabah,Warehouse Coordinator,2025-11-22 23:39:46+00:00
C000217,Puteri,Othman,Female,1990-08-21,Labuan,Warehouse Coordinator,2025-08-15 05:38:32+00:00
C000218,Puteri,Othman,Female,1998-12-15,Pulau Pinang,Police Officer,2025-06-23 23:29:14+00:00
C000219,Li Ting,Tee,Female,1997-10-28,Terengganu,Software Engineer,2024-10-19 05:14:22+00:00
C000220,Anis,Othman,Female,2000-08-11,Perlis,Accountant,2025-04-07 10:02:05+00:00
C000221,Syamil,Salleh,Male,1989-10-24,Johor,Driver,2024-03-01 10:54:33+00:00
C000222,Haziq,Othman,Male,1989-03-13,Sabah,Police Officer,2025-09-01 00:44:43+00:00
C000223,Zulaikha,Mansor,Female,2000-08-05,Putrajaya,Retail Assistant,2024-04-19 10:23:49+00:00
C000224,Li Ting,Khoo,Female,1993-11-25,Kelantan,Marketing Specialist,2024-09-29 04:46:12+00:00
C000225,Farhana,Jaafar,Female,2005-09-29,Perak,Nurse,2024-06-29 18:32:39+00:00
C000226,Haziq,Ghani,Male,2001-11-07,Labuan,Bank Officer,2024-07-26 07:46:50+00:00
C000227,Azman,Ghani,Male,1979-10-02,Putrajaya,Pharmacist,2025-02-18 23:12:27+00:00
C000228,Ain,Abdullah,Female,1971-02-02,Kuala Lumpur,Financial Analyst,2024-01-13 21:40:43+00:00
C000229,Ganesh,Pillai,Male,2006-05-14,Pahang,Sales Executive,2025-08-14 00:38:35+00:00
C000230,Hidayah,Zulkifli,Female,1984-07-03,Negeri Sembilan,Palm Oil Mill Operator,2025-01-08 19:40:51+00:00
C000231,Dinesh,Chettiar,Male,1962-04-27,Johor,Sales Executive,2025-12-07 13:08:13+00:00
C000232,Ying Ying,Ong,Female,1974-07-27,Perlis,Doctor,2024-09-15 11:23:49+00:00
C000233,Muhammad,Othman,Male,1966-07-20,Johor,Doctor,2025-06-02 21:33:01+00:00
C000234,Luqman,Karim,Male,1965-12-28,Kedah,Doctor,2025-11-15 09:21:15+00:00
C000235,Nur,Hashim,Female,2000-09-10,Perlis,Software Engineer,2024-05-20 12:23:21+00:00
C000236,Alia,Razak,Female,1994-07-10,Pulau Pinang,Administrative Assistant,2024-06-08 02:27:30+00:00
C000237,Meng Tat,Sim,Male,2005-06-21,Terengganu,Security Guard,2024-07-11 12:23:43+00:00
C000238,Nadia,Ariffin,Female,1997-09-16,Perlis,Teacher,2025-05-14 13:03:02+00:00
C000239,Boon Teck,Lee,Male,1982-09-17,Negeri Sembilan,Graphic Designer,2025-04-26 14:42:58+00:00
C000240,Haziq,Ibrahim,Male,1985-02-18,Perak,Administrative Assistant,2025-03-31 10:16:04+00:00
C000241,Wai Loon,Lau,Male,1978-04-28,Sarawak,Electrician,2025-12-15 16:17:18+00:00
C000242,Ganesh,Pillai,Male,1993-12-20,Perak,Graphic Designer,2025-04-29 03:53:58+00:00
C000243,Siew Ling,Yeoh,Female,1974-11-12,Sabah,Driver,2024-12-27 05:19:45+00:00
C000244,Puteri,Baharuddin,Female,1995-06-11,Kuala Lumpur,Administrative Assistant,2024-06-02 15:56:38+00:00
C000245,Firdaus,Halim,Male,1971-12-14,Sabah,Civil Servant,2025-06-13 11:59:24+00:00
C000246,Hakim,Mansor,Male,1973-11-22,Sarawak,Driver,2024-08-17 00:38:12+00:00
C000247,Anis,Sulaiman,Female,2000-12-18,Labuan,Construction Supervisor,2024-06-23 00:37:57+00:00
C000248,Muhammad,Ibrahim,Male,1968-04-03,Negeri Sembilan,Accountant,2025-05-21 05:35:13+00:00
C000249,Diana,Kassim,Female,1978-11-16,Johor,Accountant,2024-07-04 03:54:55+00:00
C000250,Sarah,Ghani,Female,1974-05-01,Kuala Lumpur,Security Guard,2025-06-30 20:06:14+00:00
C000251,Farhan,Mansor,Male,1969-09-09,Selangor,Driver,2024-11-19 21:07:23+00:00
C000252,Shalini,Appadurai,Female,1964-04-10,Kelantan,Palm Oil Mill Operator,2024-03-05 22:50:48+00:00
C000253,Syafiq,Zulkifli,Male,1978-01-21,Johor,Police Officer,2025-07-08 20:59:23+00:00
C000254,Xiao Wei,Low,Female,1975-01-08,Perak,Warehouse Coordinator,2024-01-22 03:21:51+00:00
C000255,Sarah,Ibrahim,Female,1974-10-22,Kedah,Construction Supervisor,2025-02-11 23:25:48+00:00
C000256,Mohd,Zulkifli,Male,1989-03-19,Perlis,Nurse,2024-11-27 04:19:08+00:00
C000257,Aisyah,Razak,Female,1976-12-12,Kedah,Chef,2024-10-09 15:32:53+00:00
C000258,Luqman,Kassim,Male,1983-06-01,Pulau Pinang,Security Guard,2024-09-25 06:08:16+00:00
C000259,Azman,Zulkifli,Male,1997-11-19,Terengganu,Bank Officer,2024-04-06 13:14:45+00:00
C000260,Kok Wai,Wong,Male,1999-07-23,Negeri Sembilan,Retail Assistant,2024-11-27 12:28:13+00:00
C000261,Intan,Abdullah,Female,1980-06-25,Pulau Pinang,Chef,2025-08-17 20:49:18+00:00
C000262,Syafiq,Halim,Male,1976-07-04,Johor,Bank Officer,2025-01-02 03:49:18+00:00
C000263,Faizal,Hamzah,Male,1984-02-24,Perlis,Nurse,2024-07-15 17:49:33+00:00
C000264,Intan,Salleh,Female,1991-08-05,Kelantan,Construction Supervisor,2024-10-11 13:57:10+00:00
C000265,Mastura,Ibrahim,Female,1992-04-24,Labuan,Operations Manager,2024-04-08 16:52:50+00:00
C000266,Siti,Ariffin,Female,1983-06-27,Terengganu,Security Guard,2025-01-27 07:58:20+00:00
C000267,Nadhirah,Kassim,Female,1989-06-20,Perak,Legal Assistant,2025-02-12 17:31:57+00:00
C000268,Tharani,Krishnan,Female,1972-04-11,Terengganu,Driver,2024-11-23 10:42:37+00:00
C000269,Rajan,Raman,Male,1965-09-01,Putrajaya,Police Officer,2025-05-30 08:02:11+00:00
C000270,Ying Ying,Wong,Female,1965-08-05,Sabah,Doctor,2025-04-16 00:01:08+00:00
C000271,Zhi Wei,Yeoh,Male,1980-10-16,Terengganu,Mechanical Engineer,2024-07-30 08:46:13+00:00
C000272,Zhi Wei,Chia,Male,2002-04-22,Selangor,Construction Supervisor,2024-03-08 01:41:36+00:00
C000273,Syamil,Zulkifli,Male,1981-02-01,Melaka,Driver,2025-05-17 05:24:25+00:00
C000274,Haziq,Zulkifli,Male,1965-10-23,Negeri Sembilan,Financial Analyst,2025-12-05 06:25:23+00:00
C000275,Hafiz,Ibrahim,Male,1962-03-12,Sabah,Factory Technician,2024-09-20 16:28:06+00:00
C000276,Hidayah,Othman,Female,1962-12-15,Sarawak,Bank Officer,2025-02-26 22:22:24+00:00
C000277,Hafiz,Hamzah,Male,1965-03-30,Perlis,Marketing Specialist,2025-07-05 03:54:21+00:00
C000278,Haziq,Daud,Male,1994-07-21,Pahang,Construction Supervisor,2024-03-15 00:04:06+00:00
C000279,Ain,Kassim,Female,1980-10-14,Terengganu,Accountant,2024-01-09 16:10:47+00:00
C000280,Firdaus,Ibrahim,Male,2002-09-06,Selangor,Factory Technician,2025-06-12 07:20:28+00:00
C000281,Izzat,Baharuddin,Male,1968-06-20,Terengganu,Operations Manager,2024-11-24 02:37:41+00:00
C000282,Luqman,Karim,Male,1997-11-23,Sabah,Welder,2024-04-10 02:30:46+00:00
C000283,Ming Yang,Low,Male,1993-05-04,Pahang,Financial Analyst,2024-01-20 18:51:12+00:00
C000284,Balqis,Razak,Female,1984-07-06,Labuan,Palm Oil Mill Operator,2024-06-28 00:30:25+00:00
C000285,Aiman,Baharuddin,Male,2000-03-11,Putrajaya,Operations Manager,2025-11-06 10:55:41+00:00
C000286,Faizal,Hashim,Male,1973-09-21,Labuan,HR Executive,2024-01-29 06:05:49+00:00
C000287,Chui Ping,Ho,Female,1998-02-19,Johor,Security Guard,2025-05-19 13:21:56+00:00
C000288,Aiman,Halim,Male,1998-08-19,Labuan,Mechanical Engineer,2024-07-25 19:52:42+00:00
C000289,Harith,Halim,Male,1974-01-25,Putrajaya,Mechanical Engineer,2025-05-21 08:31:15+00:00
C000290,Jian Hao,Goh,Male,2006-08-09,Selangor,Teacher,2025-10-02 08:00:51+00:00
C000291,Wai Loon,Goh,Male,1961-10-23,Selangor,Teacher,2024-01-03 01:46:52+00:00
C000292,Ain,Razak,Female,1995-01-19,Selangor,Mechanical Engineer,2025-03-18 02:16:09+00:00
C000293,Aiman,Ariffin,Male,1972-05-31,Melaka,Civil Servant,2024-11-04 21:50:30+00:00
C000294,Jia Ying,Chong,Female,1993-03-23,Sarawak,Software Engineer,2025-04-21 09:42:08+00:00
C000295,Syahirah,Salleh,Female,1984-08-03,Kelantan,Graphic Designer,2024-07-21 13:52:13+00:00
C000296,Puteri,Baharuddin,Female,1971-01-28,Kelantan,Retail Assistant,2024-09-17 00:53:11+00:00
C000297,Wen Jing,Ong,Female,1995-07-27,Perak,Legal Assistant,2025-03-31 12:14:42+00:00
C000298,Nadhirah,Jaafar,Female,1972-08-26,Sarawak,Warehouse Coordinator,2024-02-01 22:14:15+00:00
C000299,Ahmad,Karim,Male,2001-03-15,Putrajaya,Accountant,2024-10-18 16:38:02+00:00
C000300,Rajan,Krishnan,Male,1991-02-21,Selangor,Driver,2025-10-07 10:27:42+00:00
C000301,Khairul,Ariffin,Male,1981-11-03,Melaka,Accountant,2025-05-26 06:38:24+00:00
C000302,Izzat,Mansor,Male,1965-08-01,Johor,Police Officer,2025-01-13 19:36:34+00:00
C000303,Xin Yi,Khoo,Female,1994-07-03,Melaka,Chef,2025-02-13 10:37:03+00:00
C000304,Nadhirah,Razak,Female,2004-09-19,Johor,Operations Manager,2024-03-05 18:01:29+00:00
C000305,Nadhirah,Hashim,Female,1982-10-22,Putrajaya,Teacher,2025-05-22 20:50:38+00:00
C000306,Firdaus,Othman,Male,1962-07-12,Kuala Lumpur,Factory Technician,2025-08-09 14:58:43+00:00
C000307,Yan Ling,Goh,Female,1964-01-28,Sabah,Customer Service Representative,2024-07-18 01:54:09+00:00
C000308,Jun Jie,Teoh,Male,1993-08-13,Melaka,Doctor,2024-08-06 00:46:06+00:00
C000309,Harith,Abdullah,Male,1988-03-13,Kuala Lumpur,Financial Analyst,2024-06-19 17:42:35+00:00
C000310,Kavitha,Menon,Female,2007-10-03,Johor,Driver,2025-05-24 22:33:00+00:00
C000311,Karthik,Chettiar,Male,1968-12-17,Kuala Lumpur,HR Executive,2024-01-12 09:21:13+00:00
C000312,Jia Hao,Ong,Male,1991-02-10,Kelantan,Marketing Specialist,2025-06-05 18:20:35+00:00
C000313,Intan,Ibrahim,Female,1964-07-24,Perlis,Administrative Assistant,2025-04-24 20:51:40+00:00
C000314,Diana,Kassim,Female,2005-05-22,Pahang,Chef,2025-12-18 19:00:16+00:00
C000315,Izzat,Sulaiman,Male,1975-12-09,Pahang,Financial Analyst,2025-08-23 14:12:53+00:00
C000316,Zi Yang,Tan,Male,1981-05-17,Kelantan,Driver,2024-01-01 03:00:18+00:00
C000317,Harith,Ghani,Male,2005-08-28,Pahang,Financial Analyst,2025-07-22 14:42:42+00:00
C000318,Mohan,Ganesan,Male,1994-12-17,Johor,Administrative Assistant,2025-12-18 15:05:47+00:00
C000319,Danial,Zulkifli,Male,1997-01-18,Kuala Lumpur,Doctor,2025-02-04 14:57:40+00:00
C000320,Preethi,Murugan,Female,2004-10-12,Melaka,Marketing Specialist,2024-02-10 22:04:57+00:00
C000321,Muhammad,Ghani,Male,1983-02-15,Sabah,Sales Executive,2025-02-15 12:05:01+00:00
C000322,Harith,Abdullah,Male,1996-05-19,Sabah,Retail Assistant,2024-04-02 15:10:05+00:00
C000323,Ain,Baharuddin,Female,1962-09-25,Perlis,Civil Servant,2025-12-24 09:04:16+00:00
C000324,Ahmad,Sulaiman,Male,1987-01-25,Terengganu,Teacher,2025-02-19 20:12:56+00:00
C000325,Azman,Mansor,Male,1977-01-05,Pulau Pinang,Bank Officer,2025-11-16 15:34:21+00:00
C000326,Siew Ling,Chia,Female,1961-02-19,Melaka,Marketing Specialist,2025-08-16 00:47:59+00:00
C000327,Nur,Jaafar,Female,1981-11-05,Perlis,Electrician,2025-04-07 12:31:52+00:00
C000328,Sue Anne,Low,Female,1980-05-08,Kelantan,Customer Service Representative,2025-08-13 02:42:42+00:00
C000329,Haziq,Yusof,Male,1979-06-14,Melaka,Mechanical Engineer,2024-12-29 16:26:25+00:00
C000330,Farhana,Salleh,Female,2003-03-26,Sabah,Software Engineer,2024-01-09 02:02:04+00:00
C000331,Danial,Hamzah,Male,2003-12-08,Selangor,Graphic Designer,2024-07-23 22:13:04+00:00
C000332,Siti,Yusof,Female,1983-08-18,Perlis,Chef,2024-09-13 20:17:23+00:00
C000333,Khairul,Ismail,Male,2000-04-27,Terengganu,Financial Analyst,2024-01-28 01:03:06+00:00
C000334,Mohd,Salleh,Male,2007-02-07,Putrajaya,Security Guard,2025-08-21 20:39:05+00:00
C000335,Nur,Karim,Female,1998-10-14,Terengganu,Legal Assistant,2025-11-30 10:03:55+00:00
C000336,Anis,Hashim,Female,1991-05-15,Negeri Sembilan,Administrative Assistant,2024-04-11 01:27:24+00:00
C000337,Boon Teck,Khoo,Male,1973-08-02,Kelantan,Driver,2024-12-03 19:00:13+00:00
C000338,Zulaikha,Ghani,Female,1968-09-26,Johor,Graphic Designer,2024-12-28 06:32:07+00:00
C000339,Alia,Jaafar,Female,1988-07-09,Pahang,Accountant,2025-02-07 02:15:35+00:00
C000340,Muhammad,Salleh,Male,1978-09-12,Perlis,Construction Supervisor,2025-09-19 14:58:33+00:00
C000341,Khairul,Ismail,Male,1972-07-12,Pahang,Construction Supervisor,2025-05-02 02:25:38+00:00
C000342,Mei Ling,Chia,Female,1963-12-12,Negeri Sembilan,Nurse,2025-06-21 06:04:43+00:00
C000343,Aisyah,Ismail,Female,2005-04-20,Perlis,Accountant,2024-07-09 06:35:50+00:00
C000344,Farhan,Kassim,Male,2000-06-23,Pahang,Welder,2025-02-02 21:49:54+00:00
C000345,Hafiz,Razak,Male,1975-06-03,Selangor,Police Officer,2024-02-21 09:35:49+00:00
C000346,Danial,Hamzah,Male,1998-12-31,Kuala Lumpur,Security Guard,2024-03-16 06:15:42+00:00
C000347,Diana,Halim,Female,1986-04-22,Pahang,Graphic Designer,2025-02-19 13:16:38+00:00
C000348,Firdaus,Abdullah,Male,1983-10-02,Pahang,Operations Manager,2025-02-08 01:44:26+00:00
C000349,Meng Tat,Lim,Male,1999-06-24,Kelantan,Doctor,2025-01-09 12:22:01+00:00
C000350,Zi Yang,Wong,Male,1980-01-09,Perak,Doctor,2024-01-21 21:31:55+00:00
C000351,Siti,Othman,Female,2005-07-15,Kuala Lumpur,Construction Supervisor,2024-11-02 06:02:51+00:00
C000352,Farhana,Zulkifli,Female,1978-10-21,Perlis,Construction Supervisor,2024-09-24 21:18:59+00:00
C000353,Zikri,Hamzah,Male,2002-02-11,Pahang,Warehouse Coordinator,2024-12-11 18:08:30+00:00
C000354,Syamil,Ibrahim,Male,1970-10-29,Labuan,Police Officer,2025-11-29 08:17:46+00:00
C000355,Kah Seng,Sim,Male,2005-02-11,Perak,Customer Service Representative,2024-11-06 03:49:32+00:00
C000356,Pei Shan,Teoh,Female,2002-01-13,Labuan,Civil Servant,2025-11-05 10:51:46+00:00
C000357,Luqman,Ariffin,Male,1978-04-04,Johor,Customer Service Representative,2025-07-09 00:45:52+00:00
C000358,Deepa,Appadurai,Female,1989-07-16,Labuan,Warehouse Coordinator,2024-02-23 14:21:06+00:00
C000359,Kah Seng,Yeoh,Male,1985-07-12,Pahang,Lecturer,2025-11-15 14:24:50+00:00
C000360,Sarah,Mansor,Female,1972-01-05,Melaka,Bank Officer,2024-02-15 11:28:59+00:00
C000361,Shalini,Chandran,Female,1973-01-27,Terengganu,Software Engineer,2024-07-13 08:45:30+00:00
C000362,Fazira,Mansor,Female,1989-02-13,Kedah,Marketing Specialist,2024-05-25 05:11:00+00:00
C000363,Amir,Karim,Male,1998-04-26,Perak,Civil Servant,2025-11-17 08:35:08+00:00
C000364,Vijay,Chettiar,Male,1968-03-27,Pulau Pinang,Factory Technician,2025-10-23 20:49:54+00:00
C000365,Puteri,Halim,Female,1991-09-15,Johor,Security Guard,2024-01-13 01:18:55+00:00
C000366,Nadhirah,Razak,Female,1972-10-19,Melaka,Welder,2025-09-13 03:30:48+00:00
C000367,Hong Sen,Ong,Male,1982-05-13,Labuan,Nurse,2024-04-16 06:46:37+00:00
C000368,Danial,Zulkifli,Male,1969-10-22,Terengganu,Administrative Assistant,2024-11-20 11:55:51+00:00
C000369,Zikri,Baharuddin,Male,1985-01-11,Sabah,Electrician,2025-03-18 06:06:03+00:00
C000370,Dinesh,Raman,Male,1989-12-15,Sarawak,Driver,2024-10-30 01:58:25+00:00
C000371,Azman,Hashim,Male,1961-08-25,Selangor,Software Engineer,2025-11-03 05:14:23+00:00
C000372,Faizal,Ghani,Male,2000-09-29,Johor,Construction Supervisor,2025-06-16 16:41:31+00:00
C000373,Muhammad,Karim,Male,1985-12-07,Pulau Pinang,Financial Analyst,2024-09-11 05:36:33+00:00
C000374,Mei Ling,Lim,Female,1993-06-16,Putrajaya,Construction Supervisor,2024-09-01 02:37:57+00:00
C000375,Aisyah,Salleh,Female,1990-01-13,Kedah,Construction Supervisor,2024-05-24 16:11:49+00:00
C000376,Kok Wai,Lau,Male,1967-07-17,Johor,Teacher,2024-02-01 23:40:34+00:00
C000377,Divya,Ganesan,Female,1970-01-08,Pulau Pinang,Operations Manager,2025-02-21 00:35:55+00:00
C000378,Mastura,Zulkifli,Female,1979-05-07,Putrajaya,Electrician,2024-02-06 05:02:39+00:00
C000379,Alia,Abdullah,Female,1966-06-18,Sabah,Electrician,2024-01-30 20:03:51+00:00
C000380,Puteri,Salleh,Female,1991-05-21,Sabah,Customer Service Representative,2025-07-30 05:09:58+00:00
C000381,Murugan,Menon,Male,1966-06-22,Negeri Sembilan,Retail Assistant,2025-12-04 00:08:16+00:00
C000382,Gayathri,Krishnan,Female,1983-07-24,Kedah,Nurse,2024-01-05 03:10:22+00:00
C000383,Syafiq,Mansor,Male,1968-08-30,Selangor,Marketing Specialist,2025-02-26 17:48:40+00:00
C000384,Danial,Baharuddin,Male,1961-05-24,Pahang,Pharmacist,2025-01-21 00:10:22+00:00
C000385,Aiman,Mansor,Male,1982-06-12,Pulau Pinang,Nurse,2025-03-04 07:06:54+00:00
C000386,Firdaus,Jaafar,Male,1969-02-16,Perak,Marketing Specialist,2025-08-30 10:06:14+00:00
C000387,Nadhirah,Razak,Female,1996-06-14,Putrajaya,Civil Servant,2025-02-10 17:26:01+00:00
C000388,Syamil,Yusof,Male,1968-01-01,Putrajaya,Driver,2025-05-30 17:51:41+00:00
C000389,Danial,Ibrahim,Male,1969-07-21,Kuala Lumpur,Graphic Designer,2024-10-17 06:37:07+00:00
C000390,Ain,Halim,Female,1962-06-01,Sarawak,Sales Executive,2024-07-05 17:03:41+00:00
C000391,Chee Keong,Goh,Male,1964-06-10,Negeri Sembilan,Chef,2024-12-03 05:40:27+00:00
C000392,Intan,Ismail,Female,1990-08-24,Sarawak,HR Executive,2024-01-27 19:07:44+00:00
C000393,Bavani,Appadurai,Female,1996-03-31,Terengganu,Accountant,2025-05-11 15:49:58+00:00
C000394,Firdaus,Abdullah,Male,1976-03-04,Selangor,Police Officer,2024-03-04 22:38:23+00:00
C000395,Shu Ting,Chan,Female,1970-01-22,Melaka,Palm Oil Mill Operator,2025-12-10 22:14:38+00:00
C000396,Hafiz,Zulkifli,Male,1973-05-16,Negeri Sembilan,Customer Service Representative,2024-01-19 01:03:04+00:00
C000397,Izzat,Othman,Male,1991-10-20,Negeri Sembilan,HR Executive,2025-09-14 05:22:26+00:00
C000398,Hakim,Othman,Male,1996-10-07,Pulau Pinang,Software Engineer,2024-07-13 16:39:27+00:00
C000399,Hui Min,Teoh,Female,2006-09-16,Perak,Police Officer,2024-08-25 11:57:48+00:00
C000400,Hafiz,Ibrahim,Male,1972-11-16,Negeri Sembilan,Bank Officer,2024-07-25 21:16:04+00:00
C000401,Anand,Ganesan,Male,1979-05-09,Putrajaya,Administrative Assistant,2025-09-19 17:38:22+00:00
C000402,Zi Yang,Chia,Male,1981-12-04,Melaka,Teacher,2025-11-14 23:38:53+00:00
C000403,Zi Yang,Ng,Male,1986-08-31,Pulau Pinang,Warehouse Coordinator,2025-09-26 10:26:00+00:00
C000404,Nadia,Zulkifli,Female,1979-05-27,Terengganu,Police Officer,2024-08-28 08:38:42+00:00
C000405,Amir,Ismail,Male,2002-07-30,Labuan,Security Guard,2024-05-27 08:02:50+00:00
C000406,Wei Kang,Chia,Male,1965-12-29,Negeri Sembilan,Legal Assistant,2024-08-18 19:53:18+00:00
C000407,Sarah,Ibrahim,Female,1967-06-01,Perlis,Pharmacist,2025-01-18 05:06:01+00:00
C000408,Hakim,Mansor,Male,1986-11-22,Terengganu,Civil Servant,2024-06-07 01:41:05+00:00
C000409,Izzat,Yusof,Male,1978-08-28,Pahang,Bank Officer,2024-08-14 12:19:34+00:00
C000410,Muhammad,Salleh,Male,1976-04-18,Terengganu,Graphic Designer,2025-05-04 21:07:48+00:00
C000411,Hidayah,Jaafar,Female,2003-08-15,Sarawak,Chef,2024-08-08 00:12:42+00:00
C000412,Muhammad,Daud,Male,1973-09-01,Kelantan,Security Guard,2024-04-21 01:27:38+00:00
C000413,Meena,Devadas,Female,1967-11-15,Sarawak,Financial Analyst,2025-11-05 15:53:02+00:00
C000414,Diana,Kassim,Female,1978-12-22,Selangor,Police Officer,2024-09-23 19:50:55+00:00
C000415,Wei Kang,Goh,Male,1987-06-27,Sabah,Mechanical Engineer,2024-07-14 10:23:14+00:00
C000416,Hakim,Yusof,Male,2000-12-24,Kuala Lumpur,Chef,2025-04-14 01:45:35+00:00
C000417,Farhan,Zulkifli,Male,1979-04-23,Sarawak,Chef,2024-11-01 22:18:26+00:00
C000418,Chun Kit,Ho,Male,1966-10-31,Negeri Sembilan,Legal Assistant,2025-12-26 04:41:25+00:00
C000419,Firdaus,Daud,Male,1978-09-25,Pahang,Police Officer,2024-05-17 17:40:40+00:00
C000420,Luqman,Kassim,Male,1988-09-29,Terengganu,HR Executive,2024-04-16 14:57:43+00:00
C000421,Intan,Hamzah,Female,1980-03-05,Kuala Lumpur,Operations Manager,2024-01-14 05:20:53+00:00
C000422,Sue Anne,Ong,Female,1963-12-30,Perak,Customer Service Representative,2025-05-30 01:16:30+00:00
C000423,Hui Min,Chong,Female,1976-09-23,Sarawak,Police Officer,2025-09-03 11:10:32+00:00
C000424,Aqilah,Daud,Female,1990-07-26,Johor,Marketing Specialist,2025-09-12 23:04:48+00:00
C000425,Ain,Ismail,Female,1991-03-10,Pulau Pinang,Civil Servant,2025-10-28 13:15:16+00:00
C000426,Hong Sen,Lee,Male,1980-02-20,Perlis,Retail Assistant,2024-03-08 03:33:54+00:00
C000427,Nur,Ariffin,Female,1984-07-14,Sarawak,Mechanical Engineer,2025-11-05 23:31:41+00:00
C000428,Zulaikha,Karim,Female,1968-12-23,Selangor,Sales Executive,2024-05-07 04:05:55+00:00
C000429,Jian Hao,Lau,Male,1980-03-22,Kelantan,Construction Supervisor,2025-07-06 05:17:30+00:00
C000430,Zikri,Daud,Male,1973-05-05,Pahang,Nurse,2025-04-13 23:47:41+00:00
C000431,Nur,Razak,Female,1999-06-20,Kedah,Sales Executive,2024-03-30 01:35:11+00:00
C000432,Aqilah,Jaafar,Female,1986-02-26,Sarawak,Marketing Specialist,2025-05-19 17:18:20+00:00
C000433,Boon Teck,Ng,Male,1974-09-13,Kelantan,Financial Analyst,2025-05-18 16:13:56+00:00
C000434,Ain,Ariffin,Female,1969-09-16,Johor,Chef,2024-02-15 11:24:09+00:00
C000435,Diana,Kassim,Female,1993-01-22,Sarawak,Graphic Designer,2025-09-05 09:57:03+00:00
C000436,Siti,Ariffin,Female,1975-06-17,Putrajaya,Legal Assistant,2025-11-16 13:12:26+00:00
C000437,Hafiz,Ibrahim,Male,1998-09-18,Johor,Palm Oil Mill Operator,2025-10-24 16:19:33+00:00
C000438,Ming Yang,Sim,Male,1995-09-27,Kuala Lumpur,Palm Oil Mill Operator,2025-10-18 18:24:08+00:00
C000439,Muhammad,Hamzah,Male,2003-02-02,Pahang,Security Guard,2025-04-17 03:40:51+00:00
C000440,Zikri,Mansor,Male,1982-07-15,Terengganu,HR Executive,2025-02-10 23:23:07+00:00
C000441,Mei Ling,Ong,Female,1967-12-20,Kelantan,Sales Executive,2024-05-10 22:20:35+00:00
C000442,Hafiz,Ghani,Male,1990-11-10,Kelantan,Electrician,2024-10-08 10:06:48+00:00
C000443,Chui Ping,Tan,Female,1998-09-08,Negeri Sembilan,Retail Assistant,2024-11-25 04:07:51+00:00
C000444,Lakshmi,Nair,Female,1965-12-21,Selangor,Accountant,2024-06-12 03:47:26+00:00
C000445,Firdaus,Abdullah,Male,1970-07-18,Kelantan,Electrician,2025-05-29 11:28:51+00:00
C000446,Danial,Ghani,Male,1998-03-08,Pulau Pinang,Customer Service Representative,2025-09-04 17:23:50+00:00
C000447,Chun Kit,Ong,Male,1967-09-03,Sabah,Pharmacist,2025-10-23 14:52:22+00:00
C000448,Hakim,Jaafar,Male,1987-06-05,Perlis,Chef,2025-03-14 01:26:39+00:00
C000449,Ganesh,Murugan,Male,1980-06-20,Sabah,Police Officer,2024-05-11 18:27:06+00:00
C000450,Hui Min,Sim,Female,1994-12-24,Kuala Lumpur,Driver,2024-12-27 19:06:37+00:00
C000451,Siew Ling,Ho,Female,1986-05-16,Melaka,Construction Supervisor,2024-03-09 01:54:49+00:00
C000452,Wai Loon,Chong,Male,1992-12-29,Kelantan,Retail Assistant,2025-10-14 23:19:19+00:00
C000453,Kian Wee,Tee,Male,1971-04-30,Kedah,Mechanical Engineer,2025-04-08 04:12:47+00:00
C000454,Zhi Ling,Chong,Female,1983-04-29,Sabah,Civil Servant,2024-09-11 05:45:17+00:00
C000455,Ahmad,Ghani,Male,1966-04-28,Pahang,Sales Executive,2024-07-22 18:53:22+00:00
C000456,Balqis,Jaafar,Female,1966-03-24,Labuan,Financial Analyst,2025-11-19 16:01:59+00:00
C000457,Mastura,Salleh,Female,1994-01-22,Perak,Marketing Specialist,2024-12-26 09:52:12+00:00
C000458,Anitha,Naidu,Female,2006-11-11,Melaka,Police Officer,2024-07-15 00:55:58+00:00
C000459,Hui Min,Chan,Female,1984-11-13,Selangor,Nurse,2024-03-01 21:09:58+00:00
C000460,Alia,Mansor,Female,1983-06-27,Selangor,Legal Assistant,2024-08-24 02:00:05+00:00
C000461,Haziq,Razak,Male,1998-04-03,Pulau Pinang,Customer Service Representative,2025-07-30 17:11:42+00:00
C000462,Khairul,Othman,Male,1982-06-24,Melaka,Legal Assistant,2024-02-08 06:34:01+00:00
C000463,Syahirah,Yusof,Female,2007-04-02,Negeri Sembilan,Nurse,2024-05-03 18:08:01+00:00
C000464,Jia Hao,Lee,Male,2005-03-09,Pahang,Marketing Specialist,2024-11-10 02:10:42+00:00
C000465,Zhi Wei,Teoh,Male,1995-08-20,Labuan,Teacher,2024-08-24 17:47:24+00:00
C000466,Jia Hao,Yap,Male,1971-03-20,Pulau Pinang,Construction Supervisor,2024-01-28 11:31:26+00:00
C000467,Zulaikha,Ibrahim,Female,1984-07-05,Melaka,Accountant,2025-06-06 04:58:08+00:00
C000468,Xiao Wei,Yap,Female,1997-08-29,Kedah,Warehouse Coordinator,2024-07-04 05:40:28+00:00
C000469,Luqman,Razak,Male,1974-01-29,Kuala Lumpur,Marketing Specialist,2024-10-26 10:30:54+00:00
C000470,Chee Keong,Sim,Male,1978-07-12,Melaka,HR Executive,2025-08-15 14:44:00+00:00
C000471,Yan Ling,Wong,Female,1970-09-14,Pulau Pinang,Customer Service Representative,2025-12-25 23:44:28+00:00
C000472,Farhan,Zulkifli,Male,1964-06-14,Selangor,Chef,2025-07-25 08:29:14+00:00
C000473,Syahirah,Halim,Female,1972-06-20,Pulau Pinang,Pharmacist,2024-11-19 16:35:02+00:00
C000474,Fazira,Halim,Female,1997-06-18,Labuan,Driver,2025-02-19 02:58:07+00:00
C000475,Jia Ying,Yeoh,Female,1966-02-24,Perlis,Lecturer,2024-01-14 18:06:34+00:00
C000476,Syamil,Zulkifli,Male,1973-10-23,Kedah,Construction Supervisor,2024-11-27 00:50:55+00:00
C000477,Meng Tat,Chong,Male,1970-07-03,Kelantan,Driver,2025-05-17 10:29:54+00:00
C000478,Kian Wee,Yeoh,Male,1969-11-17,Sabah,Police Officer,2024-04-28 21:54:29+00:00
C000479,Wei Kang,Ho,Male,1996-11-30,Sabah,Customer Service Representative,2025-11-26 02:10:21+00:00
C000480,Hong Sen,Lee,Male,1993-11-01,Pahang,Bank Officer,2025-03-23 09:27:26+00:00
C000481,Li Ting,Yeoh,Female,1975-01-24,Kelantan,Welder,2025-09-29 03:59:24+00:00
C000482,Zhi Ling,Ong,Female,1986-05-08,Perak,Lecturer,2024-11-12 03:04:06+00:00
C000483,Izzat,Daud,Male,2002-09-03,Sabah,Factory Technician,2025-09-02 05:18:43+00:00
C000484,Zi Xuan,Tee,Female,1964-08-31,Terengganu,Nurse,2024-08-22 15:08:34+00:00
C000485,Geetha,Appadurai,Female,1971-01-16,Melaka,Driver,2025-10-22 10:04:03+00:00
C000486,Zi Yang,Goh,Male,1982-06-17,Johor,Police Officer,2025-04-05 14:57:41+00:00
C000487,Aisyah,Hamzah,Female,1973-03-16,Sarawak,Financial Analyst,2025-05-21 03:06:43+00:00
C000488,Fazira,Hashim,Female,1961-04-08,Perlis,Teacher,2025-04-03 16:28:18+00:00
C000489,Luqman,Mansor,Male,1986-03-25,Melaka,Chef,2025-10-11 06:03:46+00:00
C000490,Jun Jie,Ong,Male,1978-06-20,Sarawak,Legal Assistant,2024-05-21 13:59:51+00:00
C000491,Sarah,Ghani,Female,1983-04-25,Negeri Sembilan,Administrative Assistant,2024-07-10 08:35:34+00:00
C000492,Bavani,Subramaniam,Female,1983-11-25,Pahang,Lecturer,2025-08-29 05:07:58+00:00
C000493,Siti,Abdullah,Female,1965-04-13,Melaka,Factory Technician,2024-12-25 01:41:22+00:00
C000494,Zulaikha,Salleh,Female,1991-08-31,Sarawak,Financial Analyst,2025-06-25 05:50:26+00:00
C000495,Mastura,Sulaiman,Female,1983-05-15,Pahang,Nurse,2025-08-18 03:01:57+00:00
C000496,Chee Keong,Chan,Male,1973-07-28,Terengganu,Customer Service Representative,2025-08-03 18:33:19+00:00
C000497,Ying Ying,Ng,Female,1977-03-29,Sarawak,Security Guard,2024-08-19 13:04:34+00:00
C000498,Nur,Jaafar,Female,1983-02-23,Pahang,Administrative Assistant,2025-05-24 14:44:30+00:00
C000499,Siew Ling,Lim,Female,1961-06-09,Selangor,Financial Analyst,2024-06-05 03:42:09+00:00
C000500,Farhana,Daud,Female,1986-11-20,Perak,Nurse,2024-05-20 00:20:21+00:00
C000501,Vignesh,Krishnan,Male,1988-11-17,Labuan,Sales Executive,2024-09-29 21:08:43+00:00
C000502,Jia Ying,Ho,Female,1998-11-26,Sarawak,HR Executive,2024-03-24 01:42:24+00:00
C000503,Xin Yi,Wong,Female,1998-06-08,Sarawak,Factory Technician,2024-03-02 13:23:32+00:00
C000504,Zi Xuan,Yeoh,Female,1980-06-24,Putrajaya,HR Executive,2025-07-12 17:18:18+00:00
C000505,Zikri,Mansor,Male,1961-12-24,Kelantan,Customer Service Representative,2025-07-13 09:32:39+00:00
C000506,Syafiq,Baharuddin,Male,2005-01-25,Terengganu,Marketing Specialist,2025-10-06 20:12:58+00:00
C000507,Wen Jing,Wong,Female,1989-04-08,Sabah,Lecturer,2024-03-29 19:23:51+00:00
C000508,Ahmad,Yusof,Male,2006-11-12,Sarawak,Teacher,2024-08-30 06:59:25+00:00
C000509,Aqilah,Razak,Female,1997-10-20,Putrajaya,Palm Oil Mill Operator,2024-03-19 03:27:58+00:00
C000510,Intan,Halim,Female,1986-08-18,Perlis,Security Guard,2025-09-30 07:54:45+00:00
C000511,Nadhirah,Salleh,Female,1989-01-01,Negeri Sembilan,Financial Analyst,2025-03-12 06:55:02+00:00
C000512,Meng Tat,Khoo,Male,1989-01-25,Kuala Lumpur,Security Guard,2025-03-06 02:15:50+00:00
C000513,Hong Sen,Ong,Male,1996-07-29,Kuala Lumpur,Graphic Designer,2025-04-19 18:03:20+00:00
C000514,Zi Xuan,Goh,Female,2003-07-21,Perlis,Marketing Specialist,2024-04-12 14:06:07+00:00
C000515,Zi Xuan,Ong,Female,1982-04-28,Kelantan,Construction Supervisor,2025-08-13 13:27:23+00:00
C000516,Chun Kit,Yap,Male,1991-12-20,Labuan,Customer Service Representative,2025-02-05 23:17:38+00:00
C000517,Ahmad,Halim,Male,1997-02-10,Pulau Pinang,Civil Servant,2024-10-08 23:42:05+00:00
C000518,Hakim,Abdullah,Male,1995-06-14,Sabah,Security Guard,2024-08-07 10:28:41+00:00
C000519,Sue Anne,Lee,Female,2003-03-02,Pulau Pinang,Sales Executive,2024-11-24 21:24:04+00:00
C000520,Nadia,Salleh,Female,1963-04-13,Putrajaya,Doctor,2025-11-26 16:44:54+00:00
C000521,Li Ting,Lim,Female,1978-07-22,Sabah,Welder,2025-02-03 18:13:31+00:00
C000522,Ming Yang,Ong,Male,1992-08-21,Sabah,Customer Service Representative,2024-12-26 22:06:13+00:00
C000523,Selvam,Raman,Male,1988-01-06,Pulau Pinang,Nurse,2025-08-30 09:35:21+00:00
C000524,Firdaus,Ismail,Male,1964-08-23,Negeri Sembilan,Financial Analyst,2025-09-30 14:56:40+00:00
C000525,Syamil,Kassim,Male,1968-01-02,Selangor,Palm Oil Mill Operator,2025-07-26 04:28:20+00:00
C000526,Syamil,Mansor,Male,1973-11-25,Selangor,Security Guard,2024-10-07 16:58:28+00:00
C000527,Jia Hao,Chia,Male,1992-01-16,Putrajaya,Mechanical Engineer,2025-03-04 04:14:23+00:00
C000528,Aqilah,Yusof,Female,1986-06-24,Putrajaya,Driver,2024-04-26 03:48:38+00:00
C000529,Haziq,Razak,Male,1990-05-18,Selangor,Lecturer,2025-12-30 00:46:13+00:00
C000530,Zhi Ling,Tan,Female,1969-04-11,Kelantan,Pharmacist,2024-06-27 09:53:31+00:00
C000531,Syafiq,Baharuddin,Male,1999-10-10,Sarawak,HR Executive,2024-03-14 12:16:32+00:00
C000532,Muhammad,Ibrahim,Male,2000-03-28,Kedah,Customer Service Representative,2025-09-12 06:19:42+00:00
C000533,Faizal,Jaafar,Male,1966-08-17,Pulau Pinang,Administrative Assistant,2024-12-20 15:57:50+00:00
C000534,Hakim,Hashim,Male,2003-08-26,Kedah,Financial Analyst,2024-06-07 08:51:21+00:00
C000535,Zi Xuan,Lee,Female,1975-01-24,Kelantan,Software Engineer,2025-02-22 21:09:45+00:00
C000536,Mohan,Pillai,Male,1962-04-18,Terengganu,Customer Service Representative,2025-06-16 04:50:31+00:00
C000537,Syafiq,Yusof,Male,1961-09-14,Melaka,Sales Executive,2024-03-17 03:00:29+00:00
C000538,Xiao Wei,Sim,Female,1998-03-18,Terengganu,Marketing Specialist,2025-01-19 00:03:36+00:00
C000539,Haziq,Kassim,Male,1986-06-18,Sarawak,Teacher,2024-12-15 08:59:14+00:00
C000540,Pei Shan,Low,Female,1972-09-07,Terengganu,Sales Executive,2024-06-15 14:44:57+00:00
C000541,Revathi,Appadurai,Female,1990-10-01,Negeri Sembilan,Warehouse Coordinator,2025-02-24 23:45:40+00:00
C000542,Pavithra,Raman,Female,2007-12-27,Pulau Pinang,Welder,2024-06-12 05:23:07+00:00
C000543,Harith,Karim,Male,1999-03-09,Selangor,Warehouse Coordinator,2024-05-13 14:54:11+00:00
C000544,Mohd,Ariffin,Male,1972-07-19,Perak,Retail Assistant,2025-10-12 12:10:42+00:00
C000545,Farhana,Jaafar,Female,1970-11-10,Kedah,Retail Assistant,2024-05-19 10:06:30+00:00
C000546,Hong Sen,Low,Male,1981-07-30,Melaka,Teacher,2025-05-12 00:13:59+00:00
C000547,Jun Jie,Yeoh,Male,1989-09-02,Sarawak,Mechanical Engineer,2024-05-31 18:33:15+00:00
C000548,Nadhirah,Mansor,Female,2005-11-24,Terengganu,Lecturer,2024-04-30 03:03:21+00:00
C000549,Faizal,Ariffin,Male,1999-03-11,Kelantan,Legal Assistant,2024-05-24 22:12:17+00:00
C000550,Alia,Zulkifli,Female,1981-12-05,Negeri Sembilan,Legal Assistant,2024-06-06 16:47:14+00:00
C000551,Ain,Jaafar,Female,1973-10-24,Perlis,Doctor,2025-10-18 14:18:22+00:00
C000552,Aisyah,Jaafar,Female,2001-11-14,Kuala Lumpur,Financial Analyst,2025-01-08 17:03:53+00:00
C000553,Intan,Abdullah,Female,1998-06-20,Putrajaya,Operations Manager,2025-08-03 07:57:48+00:00
C000554,Vijay,Raman,Male,1965-06-05,Kelantan,Chef,2025-11-05 15:09:04+00:00
C000555,Wei Kang,Teoh,Male,1987-12-26,Melaka,Electrician,2024-09-26 06:50:41+00:00
C000556,Farhan,Halim,Male,1995-09-17,Pulau Pinang,Mechanical Engineer,2024-08-23 01:18:57+00:00
C000557,Kian Wee,Tan,Male,1971-11-17,Kedah,Driver,2025-07-09 21:48:42+00:00
C000558,Sarah,Kassim,Female,2005-08-21,Johor,Bank Officer,2024-11-28 14:07:19+00:00
C000559,Yan Ling,Tan,Female,1967-07-08,Terengganu,Marketing Specialist,2024-01-04 20:22:25+00:00
C000560,Aqilah,Kassim,Female,2003-03-07,Putrajaya,Mechanical Engineer,2024-01-01 23:13:04+00:00
C000561,Aiman,Ghani,Male,1987-08-13,Pahang,Accountant,2025-01-09 11:11:15+00:00
C000562,Zi Xuan,Goh,Female,2005-11-09,Terengganu,Warehouse Coordinator,2025-11-30 03:47:43+00:00
C000563,Nadia,Hamzah,Female,1966-03-03,Terengganu,Marketing Specialist,2024-02-05 01:42:06+00:00
C000564,Danial,Jaafar,Male,1981-05-30,Sarawak,Lecturer,2024-06-23 19:12:09+00:00
C000565,Wai Loon,Tee,Male,2000-05-23,Negeri Sembilan,HR Executive,2025-08-04 00:06:27+00:00
C000566,Syafiq,Halim,Male,1962-02-06,Sarawak,Software Engineer,2025-08-03 22:55:36+00:00
C000567,Gayathri,Chettiar,Female,1989-08-24,Pulau Pinang,Civil Servant,2025-06-21 20:06:46+00:00
C000568,Luqman,Kassim,Male,1991-10-19,Perlis,Operations Manager,2025-05-07 15:35:34+00:00
C000569,Danial,Baharuddin,Male,1976-10-16,Selangor,Construction Supervisor,2024-11-29 06:06:26+00:00
C000570,Zulaikha,Hashim,Female,2006-07-25,Johor,Welder,2025-03-29 08:57:42+00:00
C000571,Wai Loon,Lau,Male,2004-03-30,Putrajaya,Teacher,2024-04-08 06:09:43+00:00
C000572,Ying Ying,Goh,Female,1983-01-20,Terengganu,Retail Assistant,2025-02-13 09:38:58+00:00
C000573,Haziq,Karim,Male,2006-04-17,Terengganu,Retail Assistant,2025-11-20 03:41:42+00:00
C000574,Ain,Ismail,Female,1990-08-13,Sabah,Sales Executive,2025-03-13 07:12:11+00:00
C000575,Muhammad,Kassim,Male,1964-09-29,Negeri Sembilan,Lecturer,2024-03-09 07:33:16+00:00
C000576,Kah Seng,Lim,Male,1971-12-18,Negeri Sembilan,Graphic Designer,2024-11-02 12:13:24+00:00
C000577,Balqis,Karim,Female,1963-04-29,Putrajaya,Bank Officer,2025-04-18 12:12:03+00:00
C000578,Zhi Wei,Lim,Male,2001-12-15,Selangor,Bank Officer,2024-07-12 10:00:57+00:00
C000579,Muhammad,Zulkifli,Male,1998-06-19,Negeri Sembilan,Construction Supervisor,2025-08-04 17:29:16+00:00
C000580,Haziq,Ariffin,Male,1990-11-06,Melaka,Warehouse Coordinator,2025-08-18 16:36:52+00:00
C000581,Wei Kang,Chan,Male,1979-08-28,Labuan,Mechanical Engineer,2025-12-25 01:51:51+00:00
C000582,Fazira,Jaafar,Female,1979-07-15,Kelantan,Operations Manager,2024-04-25 23:45:39+00:00
C000583,Vijay,Krishnan,Male,2005-03-05,Kedah,Palm Oil Mill Operator,2025-01-07 22:39:47+00:00
C000584,Jian Hao,Tee,Male,1987-02-02,Melaka,HR Executive,2025-07-01 18:07:34+00:00
C000585,Hui Min,Yap,Female,1979-12-19,Selangor,Welder,2025-11-24 20:36:34+00:00
C000586,Aisyah,Zulkifli,Female,1981-09-03,Sabah,Legal Assistant,2025-08-15 19:33:27+00:00
C000587,Alia,Daud,Female,1995-12-07,Kedah,Chef,2024-05-24 01:05:59+00:00
C000588,Aiman,Kassim,Male,1981-10-28,Sarawak,Driver,2024-07-10 03:03:35+00:00
C000589,Tharani,Chandran,Female,1975-12-21,Labuan,Legal Assistant,2025-06-29 01:48:44+00:00
C000590,Wei Kang,Lau,Male,2001-01-15,Melaka,Retail Assistant,2025-06-01 01:35:51+00:00
C000591,Mastura,Hamzah,Female,1973-11-07,Johor,Palm Oil Mill Operator,2025-06-07 13:44:47+00:00
C000592,Yan Ling,Teoh,Female,1976-09-11,Johor,Chef,2024-01-28 11:51:56+00:00
C000593,Diana,Jaafar,Female,2007-03-07,Sarawak,Software Engineer,2025-01-18 06:33:23+00:00
C000594,Chui Ping,Chong,Female,1999-11-15,Sarawak,Lecturer,2024-11-02 21:57:38+00:00
C000595,Aqilah,Hamzah,Female,1974-01-07,Sarawak,Security Guard,2025-01-02 21:35:22+00:00
C000596,Syamil,Abdullah,Male,1984-11-18,Pahang,Nurse,2024-04-19 09:48:59+00:00
C000597,Syamil,Ariffin,Male,1963-01-09,Kuala Lumpur,Bank Officer,2024-08-09 15:20:52+00:00
C000598,Ain,Ariffin,Female,1975-05-06,Melaka,Financial Analyst,2025-11-22 16:38:31+00:00
C000599,Hakim,Abdullah,Male,1976-03-07,Sarawak,Welder,2024-08-22 04:56:08+00:00
C000600,Xiao Wei,Chong,Female,1975-11-05,Perak,Retail Assistant,2025-11-23 07:16:30+00:00
C000601,Xiao Wei,Liew,Female,2006-11-28,Kelantan,Factory Technician,2024-09-08 22:19:13+00:00
C000602,Ahmad,Ariffin,Male,1972-05-21,Perak,Factory Technician,2025-06-08 16:59:23+00:00
C000603,Hidayah,Hamzah,Female,1966-02-09,Negeri Sembilan,Construction Supervisor,2025-03-25 19:49:58+00:00
C000604,Mohan,Devadas,Male,1995-09-12,Sarawak,Driver,2025-08-08 13:41:12+00:00
C000605,Luqman,Ariffin,Male,1987-09-15,Kedah,Civil Servant,2025-12-01 06:51:40+00:00
C000606,Mohd,Ismail,Male,1981-07-06,Putrajaya,Operations Manager,2024-12-31 12:37:28+00:00
C000607,Xin Yi,Ong,Female,1979-10-05,Kelantan,Software Engineer,2024-01-15 06:57:03+00:00
C000608,Hakim,Karim,Male,1994-04-05,Pulau Pinang,Welder,2024-12-23 09:43:30+00:00
C000609,Zi Yang,Low,Male,1979-08-01,Kelantan,Legal Assistant,2025-09-06 11:12:16+00:00
C000610,Intan,Yusof,Female,1986-10-19,Negeri Sembilan,Marketing Specialist,2025-09-16 09:13:46+00:00
C000611,Aiman,Ibrahim,Male,1974-08-13,Kuala Lumpur,Doctor,2024-04-04 15:07:39+00:00
C000612,Prakash,Chettiar,Male,1987-04-27,Kuala Lumpur,Security Guard,2024-10-11 03:20:55+00:00
C000613,Anis,Mansor,Female,1966-11-03,Labuan,Chef,2024-05-03 02:17:52+00:00
C000614,Hidayah,Othman,Female,1997-05-31,Terengganu,Bank Officer,2024-04-27 20:02:27+00:00
C000615,Aisyah,Ismail,Female,1995-03-29,Johor,Sales Executive,2025-08-02 18:34:02+00:00
C000616,Diana,Zulkifli,Female,1972-08-07,Perak,Pharmacist,2025-02-09 13:05:14+00:00
C000617,Gayathri,Naidu,Female,1963-06-03,Johor,Operations Manager,2024-07-26 09:17:02+00:00
C000618,Hong Sen,Lee,Male,1973-01-01,Selangor,Chef,2025-03-17 22:51:53+00:00
C000619,Faizal,Jaafar,Male,1968-06-23,Terengganu,Graphic Designer,2024-12-05 08:09:19+00:00
C000620,Jia Hao,Khoo,Male,1996-09-13,Selangor,Software Engineer,2024-10-29 18:23:00+00:00
C000621,Shanti,Ganesan,Female,2000-01-03,Johor,Civil Servant,2024-08-19 00:02:45+00:00
C000622,Kavitha,Nair,Female,2000-11-26,Kuala Lumpur,Teacher,2024-09-20 01:59:37+00:00
C000623,Ying Ying,Ho,Female,1973-08-13,Selangor,Doctor,2025-06-23 08:32:05+00:00
C000624,Izzat,Mansor,Male,1991-07-30,Selangor,Administrative Assistant,2025-11-22 03:18:52+00:00
C000625,Chui Ping,Lim,Female,1964-02-05,Pulau Pinang,Lecturer,2024-07-19 21:09:06+00:00
C000626,Syafiq,Ibrahim,Male,1971-05-20,Kedah,Warehouse Coordinator,2025-01-13 04:31:13+00:00
C000627,Hakim,Ghani,Male,1972-12-11,Kuala Lumpur,Financial Analyst,2025-03-04 13:28:13+00:00
C000628,Aiman,Kassim,Male,1962-10-09,Kedah,Palm Oil Mill Operator,2024-09-02 02:57:02+00:00
C000629,Luqman,Ariffin,Male,2007-05-16,Kelantan,Civil Servant,2024-07-31 21:12:06+00:00
C000630,Sarah,Kassim,Female,1991-05-01,Melaka,Operations Manager,2025-07-05 02:27:16+00:00
C000631,Kah Seng,Chia,Male,1992-12-08,Labuan,Construction Supervisor,2024-07-08 22:47:43+00:00
C000632,Shanti,Nair,Female,1977-07-25,Terengganu,Doctor,2024-02-23 07:58:25+00:00
C000633,Muhammad,Sulaiman,Male,1967-05-25,Melaka,Administrative Assistant,2025-07-12 07:06:21+00:00
C000634,Aqilah,Baharuddin,Female,1994-07-22,Terengganu,Legal Assistant,2025-04-06 18:42:55+00:00
C000635,Nadia,Karim,Female,1965-06-17,Kedah,Chef,2024-07-04 00:47:32+00:00
C000636,Preethi,Chettiar,Female,1987-05-09,Melaka,Driver,2024-02-29 02:43:51+00:00
C000637,Balqis,Mansor,Female,1996-09-11,Pahang,Factory Technician,2024-06-18 23:36:54+00:00
C000638,Boon Teck,Tan,Male,2002-09-04,Putrajaya,Financial Analyst,2025-05-20 13:41:08+00:00
C000639,Diana,Abdullah,Female,2003-01-31,Perak,Operations Manager,2024-03-17 19:33:57+00:00
C000640,Danial,Kassim,Male,1984-11-25,Pahang,Warehouse Coordinator,2025-09-08 17:17:29+00:00
C000641,Hidayah,Ibrahim,Female,1991-07-23,Sarawak,Driver,2025-07-18 21:18:22+00:00
C000642,Wen Jing,Yeoh,Female,1987-01-09,Pulau Pinang,Construction Supervisor,2024-10-05 21:28:24+00:00
C000643,Revathi,Raman,Female,1997-11-16,Melaka,Civil Servant,2024-06-25 08:17:55+00:00
C000644,Chun Kit,Lim,Male,1963-05-04,Kedah,Bank Officer,2025-10-19 03:11:53+00:00
C000645,Chui Ping,Tan,Female,1999-11-21,Johor,Welder,2025-11-22 09:46:59+00:00
C000646,Nadia,Hamzah,Female,1972-01-17,Labuan,Legal Assistant,2024-10-10 09:17:39+00:00
C000647,Faizal,Abdullah,Male,1964-08-04,Selangor,Factory Technician,2024-02-01 12:58:28+00:00
C000648,Mastura,Ibrahim,Female,1974-06-03,Putrajaya,Sales Executive,2025-03-09 00:24:53+00:00
C000649,Faizal,Ismail,Male,1966-04-10,Terengganu,Warehouse Coordinator,2025-09-12 01:02:24+00:00
C000650,Ain,Karim,Female,2000-01-07,Johor,Retail Assistant,2024-05-02 15:19:02+00:00
C000651,Intan,Halim,Female,1977-09-27,Putrajaya,Accountant,2025-11-23 11:38:50+00:00
C000652,Faizal,Ismail,Male,2001-04-26,Putrajaya,Pharmacist,2024-06-29 18:34:37+00:00
C000653,Dinesh,Subramaniam,Male,1977-11-01,Labuan,Welder,2024-04-06 22:19:57+00:00
C000654,Wei Kang,Chong,Male,1997-11-02,Sabah,Software Engineer,2025-09-22 07:23:27+00:00
C000655,Ming Yang,Wong,Male,2001-08-20,Perlis,Bank Officer,2025-06-06 08:28:56+00:00
C000656,Sue Anne,Yeoh,Female,2001-11-19,Negeri Sembilan,Factory Technician,2025-05-26 22:20:25+00:00
C000657,Zikri,Othman,Male,1999-07-06,Selangor,Mechanical Engineer,2025-07-15 08:01:44+00:00
C000658,Dinesh,Subramaniam,Male,2002-11-20,Terengganu,Sales Executive,2025-07-22 23:25:52+00:00
C000659,Anis,Abdullah,Female,2003-12-21,Sabah,HR Executive,2024-01-20 06:40:09+00:00
C000660,Izzat,Salleh,Male,1980-07-08,Pahang,Operations Manager,2024-01-22 22:37:49+00:00
C000661,Zhi Wei,Yap,Male,1968-05-12,Kuala Lumpur,Accountant,2024-06-07 15:25:15+00:00
C000662,Hafiz,Ghani,Male,1969-06-28,Perlis,Lecturer,2024-03-29 16:25:23+00:00
C000663,Nadhirah,Othman,Female,1965-08-16,Pahang,Construction Supervisor,2024-02-13 22:25:49+00:00
C000664,Wai Loon,Teoh,Male,1981-05-11,Putrajaya,Administrative Assistant,2025-09-15 22:05:25+00:00
C000665,Hakim,Abdullah,Male,1976-02-03,Perlis,Retail Assistant,2024-10-01 02:25:13+00:00
C000666,Zulaikha,Hamzah,Female,2001-06-08,Melaka,Doctor,2024-11-03 16:43:12+00:00
C000667,Tharani,Pillai,Female,1971-08-02,Kuala Lumpur,Civil Servant,2025-05-23 01:48:41+00:00
C000668,Nadhirah,Sulaiman,Female,1979-12-07,Selangor,Driver,2025-06-06 11:46:15+00:00
C000669,Muhammad,Jaafar,Male,1991-03-04,Putrajaya,Lecturer,2024-10-28 17:46:01+00:00
C000670,Diana,Ariffin,Female,1998-11-20,Pahang,Nurse,2024-06-12 15:38:13+00:00
C000671,Hakim,Ghani,Male,1995-10-16,Putrajaya,Driver,2025-12-16 08:24:47+00:00
C000672,Firdaus,Daud,Male,1994-10-31,Negeri Sembilan,Welder,2024-05-22 23:48:55+00:00
C000673,Tharani,Subramaniam,Female,1962-09-02,Kuala Lumpur,Marketing Specialist,2024-11-22 06:33:02+00:00
C000674,Mohd,Mansor,Male,1973-01-23,Kuala Lumpur,Customer Service Representative,2025-08-17 10:57:04+00:00
C000675,Siti,Ibrahim,Female,1978-11-10,Pahang,Police Officer,2024-09-16 03:14:00+00:00
C000676,Dinesh,Appadurai,Male,1963-07-06,Selangor,Palm Oil Mill Operator,2024-09-11 00:56:19+00:00
C000677,Kian Wee,Wong,Male,1964-06-17,Kedah,Electrician,2024-10-20 14:10:39+00:00
C000678,Zi Yang,Wong,Male,1961-01-17,Selangor,Warehouse Coordinator,2025-11-08 19:57:36+00:00
C000679,Nur,Kassim,Female,1985-06-06,Kelantan,Mechanical Engineer,2024-01-04 16:32:48+00:00
C000680,Mohan,Raman,Male,1967-08-24,Perak,Sales Executive,2025-05-14 12:19:57+00:00
C000681,Gayathri,Devadas,Female,1991-01-03,Selangor,Financial Analyst,2024-09-23 06:17:50+00:00
C000682,Syafiq,Halim,Male,1990-08-20,Selangor,Security Guard,2024-02-10 21:36:39+00:00
C000683,Prakash,Appadurai,Male,2003-07-29,Pahang,Electrician,2025-10-13 20:01:06+00:00
C000684,Hakim,Razak,Male,1999-04-17,Johor,Electrician,2024-10-30 04:17:14+00:00
C000685,Haziq,Daud,Male,1961-11-01,Sabah,Customer Service Representative,2025-10-27 23:11:52+00:00
C000686,Zi Yang,Liew,Male,1982-10-11,Sarawak,Legal Assistant,2024-05-02 04:41:51+00:00
C000687,Nadhirah,Jaafar,Female,1989-03-26,Pulau Pinang,Doctor,2024-08-22 10:27:35+00:00
C000688,Jia Ying,Lee,Female,1986-05-15,Pahang,Operations Manager,2025-07-19 04:30:35+00:00
C000689,Nadhirah,Yusof,Female,1998-04-04,Kedah,Factory Technician,2024-05-21 19:23:43+00:00
C000690,Ain,Yusof,Female,1973-12-02,Sarawak,Financial Analyst,2025-08-01 10:25:22+00:00
C000691,Aqilah,Yusof,Female,1989-02-01,Terengganu,Welder,2024-08-06 18:42:25+00:00
C000692,Priya,Nair,Female,1961-09-17,Sarawak,Palm Oil Mill Operator,2024-01-08 13:14:21+00:00
C000693,Shanti,Menon,Female,1972-12-30,Putrajaya,Factory Technician,2024-01-25 19:54:39+00:00
C000694,Deepa,Nair,Female,1989-01-13,Perlis,Lecturer,2024-12-30 20:37:59+00:00
C000695,Balqis,Hashim,Female,1975-04-26,Pulau Pinang,Customer Service Representative,2025-12-07 20:57:24+00:00
C000696,Wen Jing,Wong,Female,1996-08-11,Kedah,Welder,2024-02-17 10:51:15+00:00
C000697,Mastura,Daud,Female,1984-06-01,Sabah,Financial Analyst,2025-01-05 12:46:59+00:00
C000698,Li Ting,Wong,Female,1962-08-24,Kuala Lumpur,Security Guard,2024-10-03 13:29:29+00:00
C000699,Boon Teck,Sim,Male,2000-10-20,Kelantan,Civil Servant,2025-06-01 12:57:35+00:00
C000700,Pavithra,Devadas,Female,2004-10-25,Terengganu,Bank Officer,2025-12-24 09:05:32+00:00
C000701,Hidayah,Halim,Female,1963-10-25,Negeri Sembilan,Customer Service Representative,2025-06-23 10:06:01+00:00
C000702,Intan,Ismail,Female,1971-05-16,Putrajaya,Doctor,2025-12-03 23:54:40+00:00
C000703,Hafiz,Baharuddin,Male,1967-11-29,Sabah,HR Executive,2025-06-30 06:05:28+00:00
C000704,Hakim,Salleh,Male,2004-10-24,Selangor,Nurse,2024-08-25 03:24:30+00:00
C000705,Xiao Wei,Khoo,Female,1985-09-24,Johor,Teacher,2025-04-09 18:04:16+00:00
C000706,Danial,Karim,Male,1986-03-02,Pulau Pinang,Financial Analyst,2024-10-27 00:50:06+00:00
C000707,Alia,Ariffin,Female,1968-02-17,Perak,Sales Executive,2024-03-27 17:19:42+00:00
C000708,Syafiq,Yusof,Male,1988-06-27,Sabah,Driver,2024-01-29 10:48:04+00:00
C000709,Danial,Sulaiman,Male,1990-06-25,Labuan,HR Executive,2025-01-16 18:03:52+00:00
C000710,Khairul,Ghani,Male,1996-09-20,Melaka,HR Executive,2024-09-15 21:13:07+00:00
C000711,Meng Tat,Tan,Male,1986-05-23,Selangor,Civil Servant,2024-10-04 02:14:25+00:00
C000712,Siti,Ariffin,Female,1961-02-08,Negeri Sembilan,Teacher,2024-01-20 18:49:01+00:00
C000713,Danial,Hashim,Male,2003-07-23,Melaka,Bank Officer,2025-12-11 06:22:08+00:00
C000714,Nur,Othman,Female,1966-09-19,Kedah,Legal Assistant,2025-08-31 14:47:18+00:00
C000715,Hafiz,Abdullah,Male,2001-10-07,Perak,Construction Supervisor,2024-02-13 11:12:04+00:00
C000716,Firdaus,Salleh,Male,1986-06-06,Perlis,Marketing Specialist,2024-05-26 21:30:43+00:00
C000717,Wai Loon,Tan,Male,1963-04-10,Pahang,Warehouse Coordinator,2024-06-28 23:50:33+00:00
C000718,Ganesh,Naidu,Male,1985-12-19,Pahang,Lecturer,2024-02-10 20:05:33+00:00
C000719,Boon Teck,Yeoh,Male,1995-09-08,Kuala Lumpur,Chef,2025-02-12 19:29:58+00:00
C000720,Fazira,Razak,Female,1985-12-10,Kedah,Bank Officer,2025-01-29 06:01:29+00:00
C000721,Luqman,Karim,Male,1961-05-22,Putrajaya,Doctor,2024-06-11 09:10:17+00:00
C000722,Meena,Chettiar,Female,2004-08-31,Selangor,Construction Supervisor,2025-12-17 06:05:59+00:00
C000723,Mohd,Ghani,Male,2001-03-13,Terengganu,Police Officer,2024-05-05 20:17:48+00:00
C000724,Syamil,Hashim,Male,1996-10-28,Terengganu,Chef,2025-05-06 08:32:14+00:00
C000725,Balqis,Jaafar,Female,1991-11-13,Selangor,Legal Assistant,2024-02-17 02:02:22+00:00
C000726,Preethi,Devadas,Female,1999-08-04,Melaka,Driver,2024-08-16 05:53:42+00:00
C000727,Wei Kang,Chong,Male,2002-12-02,Kelantan,Legal Assistant,2024-02-05 23:01:34+00:00
C000728,Danial,Hamzah,Male,1989-10-20,Melaka,Sales Executive,2025-10-13 05:04:10+00:00
C000729,Yan Ling,Lau,Female,1966-08-16,Pulau Pinang,Mechanical Engineer,2025-01-13 04:19:12+00:00
C000730,Selvam,Subramaniam,Male,2001-07-15,Sarawak,Teacher,2024-12-10 07:53:14+00:00
C000731,Aqilah,Yusof,Female,1966-05-29,Pahang,Legal Assistant,2024-10-15 19:06:13+00:00
C000732,Xiao Wei,Khoo,Female,1972-11-16,Labuan,Legal Assistant,2024-06-03 18:18:33+00:00
C000733,Firdaus,Baharuddin,Male,1984-10-22,Selangor,Sales Executive,2025-03-14 12:19:54+00:00
C000734,Danial,Ismail,Male,1985-06-26,Johor,Sales Executive,2024-03-30 11:34:31+00:00
C000735,Mastura,Sulaiman,Female,1982-06-02,Perlis,Doctor,2025-05-04 00:24:15+00:00
C000736,Intan,Ibrahim,Female,2001-06-06,Johor,Mechanical Engineer,2025-01-31 22:38:21+00:00
C000737,Ying Ying,Sim,Female,1991-01-23,Labuan,Nurse,2025-12-08 12:28:34+00:00
C000738,Balqis,Hamzah,Female,2002-08-04,Perak,Factory Technician,2024-08-09 05:41:42+00:00
C000739,Mastura,Ariffin,Female,1981-04-16,Kelantan,Software Engineer,2024-06-30 16:12:21+00:00
C000740,Balqis,Ariffin,Female,1983-04-20,Kelantan,Police Officer,2024-05-17 20:33:04+00:00
C000741,Alia,Jaafar,Female,1978-07-07,Selangor,Security Guard,2025-10-13 00:16:42+00:00
C000742,Syahirah,Ariffin,Female,1966-09-11,Perak,HR Executive,2024-11-14 14:51:07+00:00
C000743,Hui Min,Ong,Female,2007-11-23,Pahang,Nurse,2024-08-06 16:14:48+00:00
C000744,Diana,Halim,Female,1981-10-24,Kedah,Marketing Specialist,2025-06-08 10:44:14+00:00
C000745,Intan,Razak,Female,1981-07-11,Kelantan,Palm Oil Mill Operator,2025-06-05 08:59:01+00:00
C000746,Zi Xuan,Ng,Female,1965-10-08,Terengganu,Doctor,2025-09-05 18:32:25+00:00
C000747,Haziq,Ariffin,Male,1977-09-14,Kuala Lumpur,Palm Oil Mill Operator,2025-11-23 16:38:45+00:00
C000748,Zikri,Abdullah,Male,1991-11-18,Pahang,Palm Oil Mill Operator,2025-11-17 06:18:40+00:00
C000749,Syamil,Ibrahim,Male,1970-05-28,Kelantan,Warehouse Coordinator,2024-11-09 10:46:04+00:00
C000750,Khairul,Razak,Male,2001-10-24,Melaka,Marketing Specialist,2024-02-19 02:52:04+00:00
C000751,Zulaikha,Ibrahim,Female,1970-02-25,Sarawak,Factory Technician,2024-05-11 09:48:09+00:00
C000752,Dinesh,Raman,Male,2002-03-07,Pulau Pinang,Lecturer,2024-11-07 14:44:28+00:00
C000753,Hafiz,Sulaiman,Male,1988-09-14,Labuan,Pharmacist,2025-04-22 13:53:17+00:00
C000754,Aiman,Sulaiman,Male,2007-11-29,Kedah,Software Engineer,2024-02-21 22:00:34+00:00
C000755,Aiman,Zulkifli,Male,1968-12-12,Melaka,Mechanical Engineer,2025-05-02 07:53:34+00:00
C000756,Sarah,Zulkifli,Female,1989-02-27,Perlis,Electrician,2025-05-29 18:09:59+00:00
C000757,Shu Ting,Sim,Female,1991-02-27,Labuan,Legal Assistant,2024-11-03 11:53:10+00:00
C000758,Hui Min,Lim,Female,1964-05-17,Kelantan,Financial Analyst,2024-10-26 02:04:40+00:00
C000759,Nur,Abdullah,Female,1967-11-06,Putrajaya,Security Guard,2024-03-14 19:02:43+00:00
C000760,Syamil,Ariffin,Male,1972-02-04,Pahang,Doctor,2024-07-20 00:21:51+00:00
C000761,Zi Yang,Sim,Male,1980-08-28,Negeri Sembilan,Driver,2025-07-06 02:24:32+00:00
C000762,Xin Yi,Lau,Female,1982-06-06,Terengganu,Warehouse Coordinator,2024-12-09 03:13:58+00:00
C000763,Syafiq,Abdullah,Male,1967-10-21,Perlis,Welder,2025-09-30 07:09:50+00:00
C000764,Muhammad,Yusof,Male,1983-10-14,Pulau Pinang,Civil Servant,2025-09-30 10:36:16+00:00
C000765,Suresh,Pillai,Male,1963-09-14,Putrajaya,Software Engineer,2024-02-10 06:00:31+00:00
C000766,Farhan,Hashim,Male,1991-05-24,Labuan,Graphic Designer,2025-08-19 08:17:48+00:00
C000767,Wai Loon,Teoh,Male,1982-03-14,Negeri Sembilan,Accountant,2025-03-08 14:28:06+00:00
C000768,Hong Sen,Goh,Male,1971-11-21,Putrajaya,Bank Officer,2025-12-20 06:55:43+00:00
C000769,Wai Loon,Yeoh,Male,1963-07-23,Kuala Lumpur,Retail Assistant,2024-04-28 14:40:16+00:00
C000770,Muhammad,Ismail,Male,1987-04-16,Selangor,Operations Manager,2024-02-13 02:13:09+00:00
C000771,Luqman,Ghani,Male,1984-05-13,Selangor,Civil Servant,2024-06-06 22:30:10+00:00
C000772,Hakim,Ghani,Male,1987-08-05,Kelantan,Factory Technician,2024-01-03 04:41:17+00:00
C000773,Puteri,Othman,Female,2006-03-16,Pulau Pinang,Retail Assistant,2024-12-26 08:20:28+00:00
C000774,Preethi,Krishnan,Female,1975-06-14,Pahang,Factory Technician,2024-08-14 18:29:34+00:00
C000775,Nur,Razak,Female,1994-03-02,Labuan,Driver,2025-07-16 06:59:32+00:00
C000776,Nur,Baharuddin,Female,1980-06-23,Labuan,Lecturer,2024-08-13 19:54:16+00:00
C000777,Farhan,Ibrahim,Male,1990-03-27,Pahang,Retail Assistant,2024-07-28 14:04:05+00:00
C000778,Izzat,Abdullah,Male,1972-03-14,Kelantan,Doctor,2024-08-07 20:34:00+00:00
C000779,Nadia,Othman,Female,1985-10-30,Melaka,Software Engineer,2025-02-02 18:24:05+00:00
C000780,Haziq,Baharuddin,Male,1968-05-20,Johor,Factory Technician,2025-11-16 00:06:35+00:00
C000781,Nadhirah,Jaafar,Female,1995-01-26,Sabah,Factory Technician,2025-11-04 21:25:31+00:00
C000782,Anis,Salleh,Female,1993-07-03,Johor,Teacher,2025-05-31 18:04:04+00:00
C000783,Jia Ying,Teoh,Female,2001-05-16,Kuala Lumpur,Retail Assistant,2025-02-16 02:01:37+00:00
C000784,Harith,Othman,Male,1976-04-16,Putrajaya,Warehouse Coordinator,2024-11-28 06:39:13+00:00
C000785,Aisyah,Daud,Female,1981-06-20,Pahang,HR Executive,2024-03-25 08:29:22+00:00
C000786,Haziq,Hamzah,Male,1965-04-21,Negeri Sembilan,Welder,2024-08-10 04:48:09+00:00
C000787,Mohd,Daud,Male,1978-05-05,Negeri Sembilan,Pharmacist,2025-02-26 14:56:49+00:00
C000788,Aqilah,Ismail,Female,2004-01-17,Melaka,Marketing Specialist,2024-10-21 08:57:45+00:00
C000789,Zikri,Jaafar,Male,1986-05-19,Kelantan,Sales Executive,2024-08-02 23:24:28+00:00
C000790,Kah Seng,Ho,Male,1997-07-02,Kelantan,HR Executive,2024-01-09 13:09:47+00:00
C000791,Hidayah,Karim,Female,1969-05-11,Pahang,Customer Service Representative,2025-06-24 21:09:08+00:00
C000792,Ying Ying,Lim,Female,1974-01-01,Terengganu,Chef,2025-12-17 17:44:51+00:00
C000793,Diana,Zulkifli,Female,1962-08-10,Selangor,Police Officer,2024-02-10 09:37:07+00:00
C000794,Siti,Razak,Female,1996-02-27,Johor,Police Officer,2025-06-21 23:01:26+00:00
C000795,Khairul,Razak,Male,1981-11-28,Perak,Bank Officer,2025-02-25 07:07:38+00:00
C000796,Hafiz,Abdullah,Male,1998-03-24,Putrajaya,Legal Assistant,2024-09-04 23:17:08+00:00
C000797,Intan,Hashim,Female,1972-07-02,Sarawak,Accountant,2025-09-16 01:02:51+00:00
C000798,Tharani,Sundaram,Female,1961-10-20,Sabah,Administrative Assistant,2024-08-18 09:26:54+00:00
C000799,Fazira,Kassim,Female,1994-12-02,Johor,HR Executive,2024-05-19 12:30:01+00:00
C000800,Hakim,Daud,Male,2001-08-20,Selangor,Lecturer,2024-01-16 08:07:03+00:00
C000801,Hakim,Hashim,Male,1986-08-08,Perlis,Nurse,2024-01-29 11:39:07+00:00
C000802,Nadia,Ariffin,Female,1982-11-21,Selangor,Security Guard,2024-09-03 18:06:03+00:00
C000803,Hakim,Ibrahim,Male,2000-03-07,Pahang,Operations Manager,2024-08-14 20:19:35+00:00
C000804,Lakshmi,Appadurai,Female,1993-04-18,Kedah,Accountant,2024-12-28 14:30:16+00:00
C000805,Shu Ting,Ng,Female,2004-06-14,Melaka,Operations Manager,2025-05-12 19:36:22+00:00
C000806,Harith,Hamzah,Male,2006-09-09,Negeri Sembilan,Teacher,2024-01-24 05:14:08+00:00
C000807,Chun Kit,Ho,Male,2001-02-26,Melaka,Software Engineer,2024-06-03 22:28:19+00:00
C000808,Farhan,Othman,Male,1985-03-24,Sabah,Police Officer,2024-10-04 05:34:52+00:00
C000809,Jia Ying,Lim,Female,1967-06-11,Negeri Sembilan,Chef,2025-06-07 08:00:46+00:00
C000810,Pei Shan,Tan,Female,1978-06-10,Pahang,Bank Officer,2025-04-02 10:26:25+00:00
C000811,Nadhirah,Mansor,Female,1975-07-26,Perlis,Civil Servant,2024-10-17 08:56:54+00:00
C000812,Bavani,Sundaram,Female,2007-08-05,Johor,Police Officer,2024-07-19 21:28:00+00:00
C000813,Amir,Zulkifli,Male,1981-01-13,Kedah,Pharmacist,2024-03-14 18:30:15+00:00
C000814,Karthik,Nambiar,Male,1982-07-29,Sabah,Retail Assistant,2025-02-12 11:28:11+00:00
C000815,Jia Hao,Liew,Male,1964-07-15,Perak,Warehouse Coordinator,2024-06-21 01:16:04+00:00
C000816,Li Ting,Yeoh,Female,1989-02-02,Sarawak,Graphic Designer,2025-08-23 05:03:01+00:00
C000817,Aqilah,Ghani,Female,1989-09-11,Pahang,Accountant,2025-12-02 04:20:30+00:00
C000818,Syahirah,Ariffin,Female,1976-02-24,Kedah,Software Engineer,2024-12-14 14:32:34+00:00
C000819,Hidayah,Othman,Female,1989-10-24,Johor,Lecturer,2025-01-17 15:24:15+00:00
C000820,Firdaus,Ariffin,Male,1965-03-23,Terengganu,Marketing Specialist,2025-04-21 20:10:08+00:00
C000821,Mastura,Hashim,Female,1979-02-05,Kuala Lumpur,Software Engineer,2024-11-04 21:01:00+00:00
C000822,Hakim,Razak,Male,1995-08-03,Selangor,Pharmacist,2024-07-10 09:20:11+00:00
C000823,Chui Ping,Tee,Female,1968-07-15,Labuan,Retail Assistant,2024-10-30 18:04:16+00:00
C000824,Haziq,Baharuddin,Male,2000-12-17,Melaka,Police Officer,2025-05-27 07:25:06+00:00
C000825,Aqilah,Yusof,Female,1985-02-20,Kuala Lumpur,Chef,2025-08-29 10:32:38+00:00
C000826,Farhana,Razak,Female,1985-05-12,Sabah,Electrician,2024-08-20 22:58:53+00:00
C000827,Azman,Jaafar,Male,2005-05-29,Sabah,Customer Service Representative,2025-06-26 06:12:13+00:00
C000828,Mohd,Sulaiman,Male,2006-07-16,Sabah,Nurse,2024-09-23 11:42:01+00:00
C000829,Nadhirah,Kassim,Female,2000-09-21,Putrajaya,Sales Executive,2024-09-26 07:38:59+00:00
C000830,Zhi Wei,Low,Male,1969-11-20,Kuala Lumpur,Graphic Designer,2025-05-06 09:36:15+00:00
C000831,Sarah,Karim,Female,1967-02-28,Pahang,Police Officer,2025-12-05 03:10:28+00:00
C000832,Aqilah,Othman,Female,2003-04-20,Kedah,Nurse,2024-07-14 17:06:16+00:00
C000833,Farhana,Abdullah,Female,1966-09-06,Johor,Driver,2025-06-03 15:04:10+00:00
C000834,Diana,Halim,Female,1988-07-19,Kedah,Legal Assistant,2025-12-07 11:37:22+00:00
C000835,Alia,Abdullah,Female,1988-07-09,Kelantan,Chef,2025-09-20 04:16:28+00:00
C000836,Zikri,Yusof,Male,2003-03-10,Kuala Lumpur,Pharmacist,2025-07-10 21:51:19+00:00
C000837,Intan,Ismail,Female,1984-02-11,Negeri Sembilan,HR Executive,2025-02-02 14:36:33+00:00
C000838,Deepa,Naidu,Female,2005-04-08,Perlis,Legal Assistant,2024-07-28 05:38:05+00:00
C000839,Anitha,Krishnan,Female,1988-08-18,Kuala Lumpur,Bank Officer,2024-08-22 22:56:52+00:00
C000840,Zi Xuan,Tan,Female,1973-10-22,Melaka,Doctor,2024-06-10 00:16:40+00:00
C000841,Haziq,Daud,Male,2003-11-17,Perak,Security Guard,2025-08-07 10:24:31+00:00
C000842,Boon Teck,Ong,Male,1973-08-02,Johor,Software Engineer,2024-09-11 01:24:00+00:00
C000843,Mei Ling,Ng,Female,2005-08-09,Pulau Pinang,Software Engineer,2024-02-03 10:09:33+00:00
C000844,Yan Ling,Lau,Female,2006-03-24,Kelantan,Electrician,2025-09-30 09:36:27+00:00
C000845,Kok Wai,Ong,Male,1981-04-20,Sarawak,Warehouse Coordinator,2024-02-01 11:31:31+00:00
C000846,Geetha,Nambiar,Female,1991-04-22,Sarawak,Factory Technician,2025-05-29 07:15:34+00:00
C000847,Siti,Razak,Female,1970-08-01,Johor,Pharmacist,2025-07-06 08:57:26+00:00
C000848,Xin Yi,Ong,Female,1967-11-03,Johor,Warehouse Coordinator,2024-02-12 07:47:30+00:00
C000849,Luqman,Zulkifli,Male,1986-07-06,Johor,Chef,2024-09-13 10:30:41+00:00
C000850,Ahmad,Mansor,Male,1991-11-30,Selangor,Customer Service Representative,2025-09-29 01:39:55+00:00
C000851,Pei Shan,Goh,Female,1977-06-02,Pulau Pinang,Legal Assistant,2024-01-10 01:56:07+00:00
C000852,Hafiz,Zulkifli,Male,1991-10-17,Labuan,Construction Supervisor,2024-06-13 16:56:43+00:00
C000853,Mohd,Razak,Male,2000-05-30,Perlis,Warehouse Coordinator,2024-07-13 14:00:44+00:00
C000854,Kok Wai,Tan,Male,1965-09-29,Putrajaya,Accountant,2024-10-19 00:39:48+00:00
C000855,Boon Teck,Low,Male,1982-05-04,Putrajaya,Legal Assistant,2024-12-25 05:10:03+00:00
C000856,Ravi,Raman,Male,1991-07-18,Putrajaya,Factory Technician,2025-12-25 09:43:59+00:00
C000857,Ahmad,Jaafar,Male,1961-04-23,Kuala Lumpur,Bank Officer,2025-04-19 16:49:55+00:00
C000858,Hafiz,Ibrahim,Male,2007-08-14,Johor,Nurse,2024-03-29 11:49:43+00:00
C000859,Zulaikha,Baharuddin,Female,1987-01-27,Sarawak,Marketing Specialist,2025-05-02 21:20:44+00:00
C000860,Xiao Wei,Ho,Female,2003-01-30,Kedah,Graphic Designer,2025-02-13 21:37:57+00:00
C000861,Muhammad,Karim,Male,1989-10-21,Kuala Lumpur,Bank Officer,2025-09-17 21:58:08+00:00
C000862,Faizal,Zulkifli,Male,2002-10-25,Kuala Lumpur,Doctor,2024-04-26 01:16:51+00:00
C000863,Azman,Karim,Male,1969-10-04,Sarawak,Palm Oil Mill Operator,2024-02-08 23:03:16+00:00
C000864,Ain,Jaafar,Female,2002-02-01,Kelantan,Nurse,2025-06-15 03:07:48+00:00
C000865,Hong Sen,Chan,Male,1982-08-24,Putrajaya,Construction Supervisor,2025-04-26 18:59:15+00:00
C000866,Firdaus,Ariffin,Male,1981-09-21,Selangor,Electrician,2024-05-12 04:17:52+00:00
C000867,Luqman,Ariffin,Male,1987-05-12,Johor,Marketing Specialist,2024-05-09 00:03:17+00:00
C000868,Syafiq,Ghani,Male,2005-07-12,Perak,Customer Service Representative,2024-03-15 16:40:21+00:00
C000869,Haziq,Baharuddin,Male,1970-12-11,Sarawak,Operations Manager,2025-02-27 08:45:21+00:00
C000870,Nur,Karim,Female,1977-04-30,Johor,Palm Oil Mill Operator,2025-05-16 15:36:58+00:00
C000871,Chui Ping,Goh,Female,1961-06-26,Terengganu,Customer Service Representative,2024-11-16 17:17:31+00:00
C000872,Harith,Ibrahim,Male,2007-09-04,Negeri Sembilan,Electrician,2024-10-06 16:55:20+00:00
C000873,Ain,Abdullah,Female,1996-05-06,Perlis,Warehouse Coordinator,2025-04-06 17:39:17+00:00
C000874,Hui Min,Goh,Female,1996-01-06,Pulau Pinang,Welder,2025-09-18 23:14:09+00:00
C000875,Syamil,Othman,Male,1995-05-15,Perlis,Financial Analyst,2024-12-14 17:45:40+00:00
C000876,Xiao Wei,Wong,Female,1999-03-26,Perak,Customer Service Representative,2024-07-03 10:13:50+00:00
C000877,Zulaikha,Daud,Female,2006-10-19,Perak,Teacher,2024-06-30 13:17:21+00:00
C000878,Zikri,Ismail,Male,2000-09-19,Labuan,Customer Service Representative,2025-10-08 06:51:49+00:00
C000879,Izzat,Zulkifli,Male,1985-08-17,Putrajaya,Construction Supervisor,2025-02-04 10:23:15+00:00
C000880,Chui Ping,Khoo,Female,1991-10-13,Kedah,Customer Service Representative,2025-05-20 16:36:33+00:00
C000881,Li Ting,Yeoh,Female,1989-07-29,Terengganu,Nurse,2025-07-23 10:22:46+00:00
C000882,Aisyah,Razak,Female,1990-08-17,Selangor,Doctor,2024-05-12 22:30:08+00:00
C000883,Syahirah,Hamzah,Female,1980-08-14,Kuala Lumpur,Financial Analyst,2024-08-08 12:27:28+00:00
C000884,Hidayah,Yusof,Female,1994-05-21,Kelantan,Financial Analyst,2025-10-07 13:16:37+00:00
C000885,Ming Yang,Goh,Male,2001-02-12,Kedah,Mechanical Engineer,2025-06-08 11:50:54+00:00
C000886,Jian Hao,Chan,Male,1961-11-28,Pulau Pinang,Customer Service Representative,2024-01-08 02:00:29+00:00
C000887,Kumar,Menon,Male,1986-07-31,Terengganu,Software Engineer,2024-05-16 00:08:28+00:00
C000888,Danial,Ghani,Male,1983-04-08,Perak,Legal Assistant,2025-05-05 05:13:10+00:00
C000889,Sue Anne,Ho,Female,2003-06-28,Perak,HR Executive,2024-01-16 08:47:33+00:00
C000890,Ahmad,Halim,Male,1985-03-19,Negeri Sembilan,Electrician,2025-12-21 05:48:11+00:00
C000891,Syahirah,Daud,Female,1965-07-25,Sabah,Factory Technician,2024-05-08 23:09:14+00:00
C000892,Saravanan,Nair,Male,1972-11-26,Terengganu,Graphic Designer,2025-06-04 09:46:39+00:00
C000893,Hakim,Hashim,Male,2002-06-19,Putrajaya,Palm Oil Mill Operator,2025-02-22 20:36:19+00:00
C000894,Amir,Halim,Male,2006-12-20,Labuan,Accountant,2025-06-22 16:45:17+00:00
C000895,Karthik,Chettiar,Male,1995-04-10,Kelantan,Lecturer,2025-11-02 10:34:41+00:00
C000896,Faizal,Daud,Male,1998-02-05,Kuala Lumpur,Legal Assistant,2025-10-21 09:50:14+00:00
C000897,Aiman,Hashim,Male,1981-12-22,Labuan,Construction Supervisor,2024-04-21 03:03:42+00:00
C000898,Hidayah,Ghani,Female,1991-04-01,Negeri Sembilan,Lecturer,2025-10-26 09:27:52+00:00
C000899,Hakim,Jaafar,Male,1979-08-19,Kedah,Retail Assistant,2025-09-28 13:31:03+00:00
C000900,Nadia,Ariffin,Female,1969-03-14,Perlis,Construction Supervisor,2024-04-07 08:16:07+00:00
C000901,Balqis,Yusof,Female,2002-07-23,Kedah,Doctor,2025-07-22 14:01:56+00:00
C000902,Li Ting,Wong,Female,1977-07-25,Melaka,Financial Analyst,2025-10-13 20:10:09+00:00
C000903,Sarah,Yusof,Female,1995-09-02,Putrajaya,Accountant,2025-10-17 00:44:23+00:00
C000904,Ain,Zulkifli,Female,1983-01-01,Pulau Pinang,Chef,2024-01-04 19:01:52+00:00
C000905,Chui Ping,Ho,Female,1979-02-03,Perlis,Police Officer,2024-10-08 18:53:37+00:00
C000906,Hui Min,Ng,Female,2007-10-04,Pahang,Electrician,2025-08-25 04:32:02+00:00
C000907,Sarah,Abdullah,Female,1999-08-12,Pahang,Customer Service Representative,2025-11-25 04:37:11+00:00
C000908,Izzat,Ismail,Male,1967-11-23,Melaka,Graphic Designer,2024-01-24 12:46:28+00:00
C000909,Nur,Abdullah,Female,1984-04-30,Perlis,Financial Analyst,2025-04-30 16:43:08+00:00
C000910,Ahmad,Abdullah,Male,1987-04-22,Kelantan,Doctor,2025-09-23 17:53:16+00:00
C000911,Hafiz,Ghani,Male,1988-06-18,Perak,Operations Manager,2025-06-01 04:16:38+00:00
C000912,Shalini,Pillai,Female,1995-02-12,Sarawak,Construction Supervisor,2025-12-15 09:21:31+00:00
C000913,Hidayah,Hashim,Female,1994-02-22,Pulau Pinang,Palm Oil Mill Operator,2024-04-01 10:33:58+00:00
C000914,Azman,Hashim,Male,1989-10-16,Melaka,Police Officer,2024-06-29 03:16:34+00:00
C000915,Luqman,Othman,Male,1988-11-23,Terengganu,Pharmacist,2024-01-20 19:09:37+00:00
C000916,Fazira,Hamzah,Female,2004-06-01,Putrajaya,Graphic Designer,2024-07-25 00:40:37+00:00
C000917,Khairul,Abdullah,Male,2007-10-25,Melaka,Electrician,2025-05-02 08:23:56+00:00
C000918,Jia Hao,Lee,Male,1985-08-10,Perak,Civil Servant,2024-12-11 16:33:31+00:00
C000919,Haziq,Kassim,Male,1961-06-05,Pulau Pinang,Factory Technician,2024-03-11 22:33:29+00:00
C000920,Mei Ling,Teoh,Female,1994-12-11,Sarawak,Doctor,2025-06-03 04:21:52+00:00
C000921,Anand,Ganesan,Male,1965-12-24,Perlis,Operations Manager,2024-12-05 05:00:50+00:00
C000922,Aisyah,Abdullah,Female,1977-02-07,Kedah,Palm Oil Mill Operator,2025-08-08 16:33:53+00:00
C000923,Syafiq,Jaafar,Male,1995-04-17,Kelantan,HR Executive,2024-09-08 12:39:36+00:00
C000924,Boon Teck,Goh,Male,1997-10-08,Sabah,Electrician,2024-05-19 07:40:45+00:00
C000925,Mohd,Baharuddin,Male,1985-07-13,Pahang,Legal Assistant,2024-10-05 08:36:37+00:00
C000926,Mei Ling,Khoo,Female,1984-07-28,Kelantan,Sales Executive,2025-02-26 02:19:49+00:00
C000927,Zikri,Yusof,Male,1984-08-10,Putrajaya,Electrician,2024-12-11 03:31:59+00:00
C000928,Fazira,Razak,Female,1996-03-30,Perak,Accountant,2025-12-17 05:46:13+00:00
C000929,Nadia,Daud,Female,1961-06-13,Labuan,Electrician,2024-03-14 02:34:50+00:00
C000930,Hafiz,Ismail,Male,1984-10-06,Perak,Sales Executive,2024-10-10 14:42:23+00:00
C000931,Mastura,Baharuddin,Female,1964-01-21,Terengganu,Welder,2024-10-22 15:00:53+00:00
C000932,Ahmad,Sulaiman,Male,1964-11-21,Negeri Sembilan,Driver,2024-04-20 07:25:01+00:00
C000933,Firdaus,Kassim,Male,1966-03-01,Melaka,Sales Executive,2025-09-27 00:32:18+00:00
C000934,Aisyah,Jaafar,Female,1975-04-29,Kuala Lumpur,Construction Supervisor,2024-10-19 14:47:36+00:00
C000935,Nadia,Halim,Female,1971-05-24,Kuala Lumpur,Sales Executive,2025-09-30 20:01:18+00:00
C000936,Li Ting,Chan,Female,1961-07-23,Sabah,Accountant,2025-07-11 06:05:49+00:00
C000937,Izzat,Daud,Male,1982-11-10,Kuala Lumpur,Construction Supervisor,2025-07-03 10:21:34+00:00
C000938,Meng Tat,Lau,Male,1997-09-04,Putrajaya,Nurse,2025-05-27 17:14:29+00:00
C000939,Farhan,Yusof,Male,1992-07-15,Melaka,Teacher,2024-03-19 17:57:06+00:00
C000940,Hafiz,Zulkifli,Male,1991-02-11,Johor,Nurse,2025-05-04 06:36:02+00:00
C000941,Mei Ling,Lim,Female,2005-05-25,Johor,Pharmacist,2024-05-13 22:28:34+00:00
C000942,Faizal,Abdullah,Male,1970-09-25,Pulau Pinang,Welder,2024-08-20 06:46:13+00:00
C000943,Zhi Ling,Low,Female,1965-06-11,Perlis,Financial Analyst,2024-02-18 09:29:32+00:00
C000944,Sue Anne,Chia,Female,2002-01-15,Terengganu,Retail Assistant,2025-08-10 23:03:55+00:00
C000945,Chee Keong,Chan,Male,1985-08-20,Labuan,Marketing Specialist,2024-11-02 17:09:27+00:00
C000946,Saravanan,Sundaram,Male,2007-11-12,Kedah,Security Guard,2025-01-31 07:49:24+00:00
C000947,Zhi Wei,Yeoh,Male,1986-07-31,Labuan,Pharmacist,2024-01-14 20:20:34+00:00
C000948,Nadhirah,Hashim,Female,1975-10-26,Kedah,Civil Servant,2024-08-08 20:49:45+00:00
C000949,Siew Ling,Ong,Female,1998-08-31,Melaka,Legal Assistant,2024-02-21 04:18:54+00:00
C000950,Mohd,Yusof,Male,2002-07-23,Johor,Construction Supervisor,2025-01-30 10:02:16+00:00
C000951,Fazira,Salleh,Female,1966-02-22,Negeri Sembilan,Welder,2024-07-01 00:56:00+00:00
C000952,Zulaikha,Hamzah,Female,1972-10-03,Sarawak,Graphic Designer,2024-12-05 00:11:30+00:00
C000953,Zi Xuan,Goh,Female,2001-05-03,Melaka,Bank Officer,2025-01-16 02:26:20+00:00
C000954,Hong Sen,Lim,Male,2000-06-13,Johor,Electrician,2025-10-28 02:31:00+00:00
C000955,Zi Yang,Sim,Male,1985-11-30,Negeri Sembilan,Marketing Specialist,2024-02-20 02:05:45+00:00
C000956,Syafiq,Abdullah,Male,1979-06-05,Sabah,Software Engineer,2025-05-20 05:48:06+00:00
C000957,Nadhirah,Ariffin,Female,1961-11-28,Kedah,Operations Manager,2025-02-06 12:45:13+00:00
C000958,Hakim,Jaafar,Male,1968-04-16,Sabah,Police Officer,2024-12-10 21:51:32+00:00
C000959,Zulaikha,Hashim,Female,1964-12-02,Pahang,Teacher,2024-08-18 09:44:05+00:00
C000960,Divya,Ganesan,Female,2007-09-13,Sarawak,HR Executive,2024-02-05 06:45:48+00:00
C000961,Xin Yi,Yeoh,Female,1975-12-10,Sabah,Police Officer,2025-06-14 04:02:52+00:00
C000962,Balqis,Hamzah,Female,2005-12-10,Putrajaya,Palm Oil Mill Operator,2025-07-16 02:59:11+00:00
C000963,Aiman,Baharuddin,Male,1999-04-07,Perak,Retail Assistant,2024-03-04 23:40:03+00:00
C000964,Xiao Wei,Tee,Female,1965-03-13,Kuala Lumpur,Pharmacist,2025-07-11 21:56:57+00:00
C000965,Amir,Baharuddin,Male,2005-02-17,Sarawak,Nurse,2024-10-12 18:35:27+00:00
C000966,Zulaikha,Othman,Female,1983-08-10,Pahang,Palm Oil Mill Operator,2024-12-11 00:01:27+00:00
C000967,Kok Wai,Yeoh,Male,1968-11-15,Selangor,Accountant,2025-08-30 19:45:14+00:00
C000968,Khairul,Ghani,Male,2007-10-19,Labuan,Driver,2024-01-20 20:33:27+00:00
C000969,Aiman,Daud,Male,1972-03-04,Sarawak,Bank Officer,2024-06-28 17:16:07+00:00
C000970,Wen Jing,Tan,Female,1973-09-26,Labuan,Bank Officer,2024-07-17 02:42:40+00:00
C000971,Ming Yang,Lau,Male,1997-10-23,Pahang,Accountant,2024-06-10 07:43:01+00:00
C000972,Balqis,Razak,Female,1995-11-06,Kelantan,Mechanical Engineer,2025-04-12 22:43:32+00:00
C000973,Karthik,Devadas,Male,1985-09-06,Kuala Lumpur,Pharmacist,2025-12-30 14:57:30+00:00
C000974,Intan,Ghani,Female,1966-09-15,Negeri Sembilan,Nurse,2024-08-15 12:36:23+00:00
C000975,Li Ting,Liew,Female,1964-02-22,Kedah,Doctor,2025-11-23 17:09:09+00:00
C000976,Danial,Hashim,Male,1970-09-07,Selangor,Driver,2025-08-21 01:20:33+00:00
C000977,Sarah,Salleh,Female,1984-11-29,Pahang,Graphic Designer,2024-09-19 20:58:08+00:00
C000978,Li Ting,Chong,Female,2004-11-24,Pulau Pinang,Palm Oil Mill Operator,2024-01-17 00:29:44+00:00
C000979,Kah Seng,Tee,Male,1982-03-11,Kuala Lumpur,Graphic Designer,2025-12-04 02:01:24+00:00
C000980,Syafiq,Othman,Male,2001-11-18,Kuala Lumpur,Bank Officer,2025-01-27 00:41:31+00:00
C000981,Zikri,Hamzah,Male,1999-04-09,Johor,Chef,2024-12-09 15:54:33+00:00
C000982,Deepa,Menon,Female,1997-09-24,Sabah,Nurse,2024-08-16 20:31:18+00:00
C000983,Zi Xuan,Teoh,Female,1970-02-02,Pahang,Factory Technician,2024-11-27 17:25:19+00:00
C000984,Wen Jing,Ong,Female,1978-10-05,Pulau Pinang,Accountant,2024-01-27 05:18:06+00:00
C000985,Kian Wee,Chong,Male,1972-12-09,Kedah,Welder,2024-03-16 10:31:24+00:00
C000986,Chun Kit,Sim,Male,1997-08-12,Putrajaya,Marketing Specialist,2025-03-12 13:57:28+00:00
C000987,Intan,Mansor,Female,1968-02-10,Kuala Lumpur,Sales Executive,2025-02-13 20:43:06+00:00
C000988,Mohd,Mansor,Male,1998-10-02,Kelantan,Retail Assistant,2025-03-13 03:49:26+00:00
C000989,Ying Ying,Tan,Female,1965-09-30,Negeri Sembilan,Legal Assistant,2024-08-08 05:14:57+00:00
C000990,Farhan,Kassim,Male,1961-01-23,Kuala Lumpur,Police Officer,2024-07-01 11:26:13+00:00
C000991,Ravi,Ganesan,Male,1970-08-31,Pahang,Pharmacist,2024-07-12 15:48:20+00:00
C000992,Izzat,Razak,Male,1986-01-14,Labuan,Graphic Designer,2025-07-09 10:24:33+00:00
C000993,Syafiq,Mansor,Male,2001-05-10,Labuan,Electrician,2025-04-03 16:14:34+00:00
C000994,Kian Wee,Tee,Male,1995-05-30,Kedah,Welder,2024-09-12 01:30:31+00:00
C000995,Diana,Abdullah,Female,1979-06-10,Selangor,Chef,2025-12-25 11:16:02+00:00
C000996,Hafiz,Abdullah,Male,1981-08-07,Kelantan,Marketing Specialist,2024-07-22 18:24:13+00:00
C000997,Siti,Baharuddin,Female,1999-11-09,Perlis,Legal Assistant,2024-11-21 10:22:19+00:00
C000998,Aqilah,Yusof,Female,1991-02-15,Putrajaya,Construction Supervisor,2025-08-09 11:07:15+00:00
C000999,Farhana,Hashim,Female,1996-05-02,Negeri Sembilan,Graphic Designer,2024-10-25 11:56:28+00:00
C001000,Hakim,Hashim,Male,1966-05-04,Kuala Lumpur,Legal Assistant,2024-06-15 05:57:25+00:00
