payment_id,claim_id,payment_date,amount,payment_method,status,created_at
PM0000001,CL0000001,2025-08-09,32582.26,BANK_TRANSFER,COMPLETED,2025-08-09 23:02:10+00:00
PM0000002,CL0000004,2025-11-20,2698.34,CHEQUE,COMPLETED,2025-11-20 18:46:52+00:00
PM0000003,CL0000005,2025-07-25,284.37,CARD,COMPLETED,2025-07-25 19:57:59+00:00
PM0000004,CL0000006,2025-08-29,11210.45,BANK_TRANSFER,COMPLETED,2025-08-29 21:12:31+00:00
PM0000005,CL0000007,2025-07-20,631.19,CARD,COMPLETED,2025-07-20 22:50:14+00:00
PM0000006,CL0000008,2025-09-27,2865.36,E_WALLET,COMPLETED,2025-09-27 02:21:41+00:00
PM0000007,CL0000009,2025-06-16,260.11,BANK_TRANSFER,COMPLETED,2025-06-16 13:20:47+00:00
PM0000008,CL0000013,2025-09-21,198.24,BANK_TRANSFER,COMPLETED,2025-09-21 16:58:59+00:00
PM0000009,CL0000014,2025-08-21,210.30,BANK_TRANSFER,COMPLETED,2025-08-21 11:37:02+00:00
PM0000010,CL0000015,2024-11-21,22738.04,BANK_TRANSFER,COMPLETED,2024-11-21 22:12:41+00:00
PM0000011,CL0000018,2026-01-19,50000.00,CHEQUE,PENDING,2026-01-19 08:10:13+00:00
PM0000012,CL0000019,2025-10-12,51.04,E_WALLET,COMPLETED,2025-10-12 15:13:39+00:00
PM0000013,CL0000020,2025-08-08,76.53,CHEQUE,FAILED,2025-08-08 15:39:31+00:00
PM0000014,CL0000020,2025-08-16,76.53,BANK_TRANSFER,COMPLETED,2025-08-16 17:09:34+00:00
PM0000015,CL0000021,2026-01-11,240.11,BANK_TRANSFER,PENDING,2026-01-11 20:53:38+00:00
PM0000016,CL0000022,2025-07-24,500.00,CARD,COMPLETED,2025-07-24 01:00:04+00:00
PM0000017,CL0000023,2025-01-08,245.93,BANK_TRANSFER,COMPLETED,2025-01-08 19:49:35+00:00
PM0000018,CL0000024,2025-10-09,242.04,CARD,FAILED,2025-10-09 18:30:00+00:00
PM0000019,CL0000024,2025-10-14,242.04,CARD,COMPLETED,2025-10-14 12:20:52+00:00
PM0000020,CL0000025,2025-12-09,5761.86,BANK_TRANSFER,COMPLETED,2025-12-09 13:22:59+00:00
PM0000021,CL0000026,2025-12-03,371.54,BANK_TRANSFER,COMPLETED,2025-12-03 21:35:26+00:00
PM0000022,CL0000027,2025-12-14,143.87,E_WALLET,COMPLETED,2025-12-14 14:57:42+00:00
PM0000023,CL0000029,2025-12-13,236.65,BANK_TRANSFER,COMPLETED,2025-12-13 11:43:52+00:00
PM0000024,CL0000030,2025-03-12,90.91,CARD,COMPLETED,2025-03-12 21:30:07+00:00
PM0000025,CL0000031,2024-11-10,16879.24,BANK_TRANSFER,COMPLETED,2024-11-10 14:00:48+00:00
PM0000026,CL0000032,2026-01-06,28594.34,BANK_TRANSFER,PENDING,2026-01-06 19:48:04+00:00
PM0000027,CL0000033,2025-10-20,488.36,E_WALLET,COMPLETED,2025-10-20 20:51:12+00:00
PM0000028,CL0000034,2025-10-25,54.02,BANK_TRANSFER,COMPLETED,2025-10-25 11:53:42+00:00
PM0000029,CL0000035,2026-01-01,2769.24,CHEQUE,COMPLETED,2026-01-01 20:33:46+00:00
PM0000030,CL0000037,2025-11-24,227.86,CARD,COMPLETED,2025-11-24 03:15:01+00:00
PM0000031,CL0000038,2025-08-24,236.26,BANK_TRANSFER,COMPLETED,2025-08-24 16:46:46+00:00
PM0000032,CL0000039,2026-01-18,500.00,BANK_TRANSFER,PENDING,2026-01-18 21:43:16+00:00
PM0000033,CL0000040,2025-09-15,1184.12,E_WALLET,FAILED,2025-09-15 12:09:26+00:00
PM0000034,CL0000040,2025-09-16,1184.12,E_WALLET,COMPLETED,2025-09-16 02:45:46+00:00
PM0000035,CL0000041,2025-01-25,1472.14,E_WALLET,COMPLETED,2025-01-25 00:39:29+00:00
PM0000036,CL0000044,2025-11-10,1656.51,CARD,COMPLETED,2025-11-10 21:48:18+00:00
PM0000037,CL0000045,2025-09-12,388.11,BANK_TRANSFER,COMPLETED,2025-09-12 16:58:25+00:00
PM0000038,CL0000046,2025-12-02,12321.16,CHEQUE,COMPLETED,2025-12-02 13:18:59+00:00
PM0000039,CL0000047,2024-08-30,119.80,BANK_TRANSFER,COMPLETED,2024-08-30 16:39:09+00:00
PM0000040,CL0000048,2025-09-02,135.31,E_WALLET,COMPLETED,2025-09-02 01:24:22+00:00
PM0000041,CL0000049,2025-04-02,1064.87,BANK_TRANSFER,FAILED,2025-04-02 16:41:48+00:00
PM0000042,CL0000049,2025-04-07,1064.87,BANK_TRANSFER,COMPLETED,2025-04-07 01:28:37+00:00
PM0000043,CL0000050,2025-05-30,547.95,BANK_TRANSFER,COMPLETED,2025-05-30 16:12:46+00:00
PM0000044,CL0000051,2025-07-25,5768.79,BANK_TRANSFER,COMPLETED,2025-07-25 17:27:30+00:00
PM0000045,CL0000053,2025-12-09,461.65,CARD,COMPLETED,2025-12-09 08:19:05+00:00
PM0000046,CL0000054,2026-01-11,272.38,E_WALLET,PENDING,2026-01-11 00:30:28+00:00
PM0000047,CL0000055,2025-11-09,130.70,BANK_TRANSFER,COMPLETED,2025-11-09 04:25:25+00:00
PM0000048,CL0000056,2025-10-13,9440.75,BANK_TRANSFER,COMPLETED,2025-10-13 07:35:50+00:00
PM0000049,CL0000058,2025-11-26,187.83,BANK_TRANSFER,COMPLETED,2025-11-26 18:59:10+00:00
PM0000050,CL0000059,2025-12-27,15774.08,BANK_TRANSFER,COMPLETED,2025-12-27 04:28:03+00:00
PM0000051,CL0000061,2025-12-26,464.45,BANK_TRANSFER,COMPLETED,2025-12-26 23:53:17+00:00
PM0000052,CL0000062,2025-11-13,3285.00,BANK_TRANSFER,FAILED,2025-11-13 15:34:00+00:00
PM0000053,CL0000062,2025-11-16,3285.00,CARD,COMPLETED,2025-11-16 15:20:51+00:00
PM0000054,CL0000064,2025-10-17,2098.94,BANK_TRANSFER,COMPLETED,2025-10-17 17:43:28+00:00
PM0000055,CL0000065,2026-01-05,10276.70,E_WALLET,PENDING,2026-01-05 19:51:40+00:00
PM0000056,CL0000066,2025-06-21,27283.64,BANK_TRANSFER,COMPLETED,2025-06-21 11:32:27+00:00
PM0000057,CL0000067,2025-06-01,24090.41,BANK_TRANSFER,COMPLETED,2025-06-01 09:12:09+00:00
PM0000058,CL0000068,2025-06-29,1796.03,BANK_TRANSFER,COMPLETED,2025-06-29 21:32:05+00:00
PM0000059,CL0000069,2025-05-25,92.61,CARD,COMPLETED,2025-05-25 01:20:26+00:00
PM0000060,CL0000070,2025-07-11,4204.52,BANK_TRANSFER,COMPLETED,2025-07-11 19:05:53+00:00
PM0000061,CL0000073,2025-12-07,189.71,CARD,COMPLETED,2025-12-07 22:11:34+00:00
PM0000062,CL0000074,2026-01-18,132.68,CHEQUE,PENDING,2026-01-18 00:39:25+00:00
PM0000063,CL0000077,2026-01-07,5616.68,BANK_TRANSFER,PENDING,2026-01-07 22:07:07+00:00
PM0000064,CL0000078,2026-01-17,513.02,BANK_TRANSFER,PENDING,2026-01-17 02:51:58+00:00
PM0000065,CL0000079,2025-12-12,1096.51,CARD,COMPLETED,2025-12-12 06:10:30+00:00
PM0000066,CL0000080,2025-12-02,193.43,CARD,COMPLETED,2025-12-02 05:08:57+00:00
PM0000067,CL0000081,2025-12-16,62.64,BANK_TRANSFER,COMPLETED,2025-12-16 04:46:10+00:00
PM0000068,CL0000082,2025-11-26,13046.64,BANK_TRANSFER,COMPLETED,2025-11-26 23:16:53+00:00
PM0000069,CL0000083,2025-05-29,17296.70,BANK_TRANSFER,FAILED,2025-05-29 19:43:03+00:00
PM0000070,CL0000083,2025-06-02,17296.70,BANK_TRANSFER,COMPLETED,2025-06-02 00:38:29+00:00
PM0000071,CL0000084,2025-11-08,383.15,BANK_TRANSFER,COMPLETED,2025-11-08 22:11:12+00:00
PM0000072,CL0000085,2025-11-16,84.15,BANK_TRANSFER,COMPLETED,2025-11-16 22:11:49+00:00
PM0000073,CL0000086,2025-11-29,500.00,BANK_TRANSFER,COMPLETED,2025-11-29 04:04:08+00:00
PM0000074,CL0000087,2025-10-05,13630.31,BANK_TRANSFER,COMPLETED,2025-10-05 07:28:42+00:00
PM0000075,CL0000088,2025-10-13,73.88,BANK_TRANSFER,COMPLETED,2025-10-13 04:38:46+00:00
PM0000076,CL0000089,2025-12-29,50.00,BANK_TRANSFER,COMPLETED,2025-12-29 03:40:23+00:00
PM0000077,CL0000094,2025-10-02,168.78,BANK_TRANSFER,COMPLETED,2025-10-02 20:22:50+00:00
PM0000078,CL0000095,2025-12-26,5115.91,CHEQUE,FAILED,2025-12-26 12:50:04+00:00
PM0000079,CL0000095,2025-12-29,5115.91,BANK_TRANSFER,COMPLETED,2025-12-29 16:04:32+00:00
PM0000080,CL0000096,2025-09-25,83.77,E_WALLET,COMPLETED,2025-09-25 10:45:35+00:00
PM0000081,CL0000097,2025-12-18,7424.52,BANK_TRANSFER,COMPLETED,2025-12-18 09:53:09+00:00
PM0000082,CL0000098,2025-10-27,3007.29,CARD,COMPLETED,2025-10-27 04:52:05+00:00
PM0000083,CL0000100,2026-01-15,1582.76,BANK_TRANSFER,PENDING,2026-01-15 02:14:19+00:00
PM0000084,CL0000103,2025-11-30,385.54,BANK_TRANSFER,COMPLETED,2025-11-30 20:45:23+00:00
PM0000085,CL0000104,2025-05-15,92.79,BANK_TRANSFER,COMPLETED,2025-05-15 16:01:40+00:00
PM0000086,CL0000105,2025-06-13,440.76,BANK_TRANSFER,COMPLETED,2025-06-13 06:30:01+00:00
PM0000087,CL0000106,2025-05-11,3096.66,E_WALLET,COMPLETED,2025-05-11 12:02:37+00:00
PM0000088,CL0000107,2025-10-15,8948.08,E_WALLET,COMPLETED,2025-10-15 23:07:02+00:00
PM0000089,CL0000108,2025-11-27,21651.34,BANK_TRANSFER,COMPLETED,2025-11-27 10:34:48+00:00
PM0000090,CL0000109,2025-12-01,1544.87,CARD,COMPLETED,2025-12-01 07:45:25+00:00
PM0000091,CL0000112,2025-10-06,50.00,BANK_TRANSFER,COMPLETED,2025-10-06 02:30:24+00:00
PM0000092,CL0000113,2025-09-07,50.00,CHEQUE,COMPLETED,2025-09-07 00:05:34+00:00
PM0000093,CL0000114,2025-07-02,500.53,E_WALLET,COMPLETED,2025-07-02 01:00:00+00:00
PM0000094,CL0000116,2025-03-13,5258.47,BANK_TRANSFER,COMPLETED,2025-03-13 17:45:58+00:00
PM0000095,CL0000117,2024-06-12,5449.23,BANK_TRANSFER,COMPLETED,2024-06-12 07:50:42+00:00
PM0000096,CL0000118,2025-10-13,10267.94,E_WALLET,FAILED,2025-10-13 06:56:52+00:00
PM0000097,CL0000118,2025-10-19,10267.94,BANK_TRANSFER,COMPLETED,2025-10-19 21:26:14+00:00
PM0000098,CL0000119,2025-04-12,203.58,BANK_TRANSFER,COMPLETED,2025-04-12 15:23:34+00:00
PM0000099,CL0000120,2025-12-31,2534.81,BANK_TRANSFER,COMPLETED,2025-12-31 07:34:31+00:00
PM0000100,CL0000121,2025-11-05,1086.90,BANK_TRANSFER,COMPLETED,2025-11-05 20:58:43+00:00
PM0000101,CL0000122,2025-10-23,972.31,E_WALLET,COMPLETED,2025-10-23 05:29:25+00:00
PM0000102,CL0000123,2025-07-21,5150.45,E_WALLET,FAILED,2025-07-21 12:07:33+00:00
PM0000103,CL0000123,2025-07-31,5150.45,BANK_TRANSFER,COMPLETED,2025-07-31 09:21:41+00:00
PM0000104,CL0000124,2025-07-05,1264.39,BANK_TRANSFER,COMPLETED,2025-07-05 09:34:56+00:00
PM0000105,CL0000125,2025-07-23,24313.18,CARD,FAILED,2025-07-23 10:35:01+00:00
PM0000106,CL0000125,2025-07-24,24313.18,BANK_TRANSFER,COMPLETED,2025-07-24 22:01:52+00:00
PM0000107,CL0000126,2025-12-01,1864.47,BANK_TRANSFER,COMPLETED,2025-12-01 10:43:50+00:00
PM0000108,CL0000127,2025-09-24,500.00,BANK_TRANSFER,COMPLETED,2025-09-24 06:34:07+00:00
PM0000109,CL0000129,2025-08-20,20197.40,BANK_TRANSFER,FAILED,2025-08-20 18:40:01+00:00
PM0000110,CL0000129,2025-08-25,20197.40,BANK_TRANSFER,COMPLETED,2025-08-25 17:37:50+00:00
PM0000111,CL0000131,2026-01-22,3172.80,BANK_TRANSFER,PENDING,2026-01-22 15:05:07+00:00
PM0000112,CL0000133,2025-12-05,12917.56,BANK_TRANSFER,COMPLETED,2025-12-05 06:28:03+00:00
PM0000113,CL0000134,2026-01-07,938.18,BANK_TRANSFER,PENDING,2026-01-07 05:33:39+00:00
PM0000114,CL0000137,2025-07-31,624.13,BANK_TRANSFER,COMPLETED,2025-07-31 21:27:33+00:00
PM0000115,CL0000138,2025-10-10,1502.35,BANK_TRANSFER,COMPLETED,2025-10-10 17:46:45+00:00
PM0000116,CL0000140,2026-01-06,4569.40,BANK_TRANSFER,PENDING,2026-01-06 10:53:11+00:00
PM0000117,CL0000141,2026-01-12,134.77,BANK_TRANSFER,PENDING,2026-01-12 12:36:31+00:00
PM0000118,CL0000143,2025-06-19,2445.52,E_WALLET,COMPLETED,2025-06-19 23:28:22+00:00
PM0000119,CL0000144,2025-11-01,8602.41,E_WALLET,COMPLETED,2025-11-01 05:34:23+00:00
PM0000120,CL0000146,2025-10-09,267.67,BANK_TRANSFER,COMPLETED,2025-10-09 12:07:28+00:00
PM0000121,CL0000147,2025-10-18,3186.11,CARD,COMPLETED,2025-10-18 07:39:23+00:00
PM0000122,CL0000148,2026-01-03,3763.94,E_WALLET,PENDING,2026-01-03 10:49:36+00:00
PM0000123,CL0000149,2025-07-12,161.34,E_WALLET,COMPLETED,2025-07-12 03:38:49+00:00
PM0000124,CL0000151,2025-07-04,7515.70,CHEQUE,COMPLETED,2025-07-04 23:33:15+00:00
PM0000125,CL0000152,2025-09-14,6432.38,BANK_TRANSFER,COMPLETED,2025-09-14 02:07:19+00:00
PM0000126,CL0000155,2024-08-23,2468.24,BANK_TRANSFER,COMPLETED,2024-08-23 23:38:33+00:00
PM0000127,CL0000156,2025-12-10,99.80,CARD,COMPLETED,2025-12-10 12:27:45+00:00
PM0000128,CL0000157,2025-04-25,21383.52,CARD,COMPLETED,2025-04-25 01:07:32+00:00
PM0000129,CL0000161,2025-12-28,5512.55,CHEQUE,COMPLETED,2025-12-28 19:20:12+00:00
PM0000130,CL0000162,2025-06-13,16128.15,BANK_TRANSFER,COMPLETED,2025-06-13 21:20:16+00:00
PM0000131,CL0000165,2025-05-08,96.14,CARD,FAILED,2025-05-08 09:58:51+00:00
PM0000132,CL0000165,2025-05-10,96.14,CHEQUE,COMPLETED,2025-05-10 12:52:23+00:00
PM0000133,CL0000166,2025-03-20,287.36,BANK_TRANSFER,COMPLETED,2025-03-20 10:37:34+00:00
PM0000134,CL0000167,2024-11-01,481.35,BANK_TRANSFER,COMPLETED,2024-11-01 20:27:08+00:00
PM0000135,CL0000168,2025-03-09,92.56,BANK_TRANSFER,COMPLETED,2025-03-09 07:34:14+00:00
PM0000136,CL0000169,2025-04-15,5516.80,BANK_TRANSFER,COMPLETED,2025-04-15 13:20:07+00:00
PM0000137,CL0000170,2025-06-25,50.00,CARD,FAILED,2025-06-25 08:40:02+00:00
PM0000138,CL0000170,2025-07-04,50.00,BANK_TRANSFER,COMPLETED,2025-07-04 17:23:31+00:00
PM0000139,CL0000171,2026-01-09,3434.85,BANK_TRANSFER,PENDING,2026-01-09 19:59:05+00:00
PM0000140,CL0000172,2026-01-16,6094.69,BANK_TRANSFER,PENDING,2026-01-16 04:16:38+00:00
PM0000141,CL0000173,2025-11-03,491.16,E_WALLET,COMPLETED,2025-11-03 18:03:42+00:00
PM0000142,CL0000174,2025-03-08,309.56,BANK_TRANSFER,COMPLETED,2025-03-08 18:21:00+00:00
PM0000143,CL0000175,2025-09-08,16769.88,BANK_TRANSFER,COMPLETED,2025-09-08 06:39:13+00:00
PM0000144,CL0000176,2025-11-23,4761.04,E_WALLET,COMPLETED,2025-11-23 18:54:08+00:00
PM0000145,CL0000177,2026-01-18,1000.00,BANK_TRANSFER,PENDING,2026-01-18 15:59:19+00:00
PM0000146,CL0000178,2025-11-27,87.20,BANK_TRANSFER,COMPLETED,2025-11-27 20:19:17+00:00
PM0000147,CL0000179,2025-12-07,7777.70,BANK_TRANSFER,COMPLETED,2025-12-07 17:55:58+00:00
PM0000148,CL0000182,2025-08-21,69.64,BANK_TRANSFER,COMPLETED,2025-08-21 14:02:15+00:00
PM0000149,CL0000183,2025-08-05,308.06,CARD,COMPLETED,2025-08-05 22:37:30+00:00
PM0000150,CL0000184,2026-01-10,240.50,E_WALLET,PENDING,2026-01-10 01:04:54+00:00
PM0000151,CL0000188,2025-12-30,394.16,E_WALLET,COMPLETED,2025-12-30 06:19:43+00:00
PM0000152,CL0000190,2025-07-27,50000.00,BANK_TRANSFER,COMPLETED,2025-07-27 12:18:19+00:00
PM0000153,CL0000192,2025-11-30,3683.72,CARD,COMPLETED,2025-11-30 15:47:25+00:00
PM0000154,CL0000193,2025-08-05,3548.73,BANK_TRANSFER,COMPLETED,2025-08-05 09:02:28+00:00
PM0000155,CL0000194,2025-11-20,3611.93,BANK_TRANSFER,COMPLETED,2025-11-20 12:13:25+00:00
PM0000156,CL0000196,2025-05-28,30703.09,BANK_TRANSFER,COMPLETED,2025-05-28 10:06:36+00:00
PM0000157,CL0000197,2025-02-24,2683.62,CARD,COMPLETED,2025-02-24 07:56:21+00:00
PM0000158,CL0000198,2025-04-28,21991.42,BANK_TRANSFER,COMPLETED,2025-04-28 16:20:14+00:00
PM0000159,CL0000199,2025-02-07,253.45,E_WALLET,COMPLETED,2025-02-07 07:55:52+00:00
PM0000160,CL0000200,2025-11-30,9920.58,CHEQUE,COMPLETED,2025-11-30 05:54:49+00:00
PM0000161,CL0000201,2025-12-01,3850.75,BANK_TRANSFER,COMPLETED,2025-12-01 19:38:51+00:00
PM0000162,CL0000204,2025-12-30,77.99,CHEQUE,COMPLETED,2025-12-30 19:35:07+00:00
PM0000163,CL0000205,2026-01-18,500.00,CARD,PENDING,2026-01-18 12:29:08+00:00
PM0000164,CL0000207,2025-06-06,201.20,BANK_TRANSFER,COMPLETED,2025-06-06 16:41:25+00:00
PM0000165,CL0000208,2025-09-13,2091.18,BANK_TRANSFER,COMPLETED,2025-09-13 01:30:13+00:00
PM0000166,CL0000209,2025-09-24,6268.50,BANK_TRANSFER,FAILED,2025-09-24 07:06:22+00:00
PM0000167,CL0000209,2025-10-02,6268.50,BANK_TRANSFER,COMPLETED,2025-10-02 11:08:48+00:00
PM0000168,CL0000210,2026-01-10,3507.24,BANK_TRANSFER,PENDING,2026-01-10 17:17:20+00:00
PM0000169,CL0000212,2026-01-09,167.31,BANK_TRANSFER,PENDING,2026-01-09 11:37:46+00:00
PM0000170,CL0000213,2025-12-19,13154.64,BANK_TRANSFER,COMPLETED,2025-12-19 13:51:44+00:00
PM0000171,CL0000215,2025-09-25,4794.51,CARD,COMPLETED,2025-09-25 11:17:45+00:00
PM0000172,CL0000216,2025-12-30,218.80,BANK_TRANSFER,COMPLETED,2025-12-30 18:09:50+00:00
PM0000173,CL0000217,2025-11-27,1795.88,CARD,COMPLETED,2025-11-27 19:06:31+00:00
PM0000174,CL0000218,2025-12-22,1323.53,BANK_TRANSFER,COMPLETED,2025-12-22 05:09:28+00:00
PM0000175,CL0000220,2025-10-31,9070.96,E_WALLET,COMPLETED,2025-10-31 09:13:16+00:00
PM0000176,CL0000221,2026-01-09,38600.14,CHEQUE,PENDING,2026-01-09 18:06:30+00:00
PM0000177,CL0000223,2025-11-26,133.48,BANK_TRANSFER,COMPLETED,2025-11-26 16:53:39+00:00
PM0000178,CL0000224,2026-01-05,217.85,BANK_TRANSFER,PENDING,2026-01-05 02:19:16+00:00
PM0000179,CL0000227,2026-01-14,30900.93,BANK_TRANSFER,PENDING,2026-01-14 19:20:06+00:00
PM0000180,CL0000228,2025-03-22,214.95,BANK_TRANSFER,COMPLETED,2025-03-22 11:45:09+00:00
PM0000181,CL0000229,2025-05-14,204.53,BANK_TRANSFER,COMPLETED,2025-05-14 02:04:54+00:00
PM0000182,CL0000230,2025-12-21,3785.91,BANK_TRANSFER,COMPLETED,2025-12-21 06:52:55+00:00
PM0000183,CL0000231,2026-01-10,9675.11,CARD,PENDING,2026-01-10 05:00:29+00:00
PM0000184,CL0000232,2025-12-31,1268.42,BANK_TRANSFER,COMPLETED,2025-12-31 10:39:05+00:00
PM0000185,CL0000233,2025-10-18,103.59,BANK_TRANSFER,COMPLETED,2025-10-18 17:21:07+00:00
PM0000186,CL0000234,2025-06-16,154.88,BANK_TRANSFER,COMPLETED,2025-06-16 03:41:41+00:00
PM0000187,CL0000235,2025-02-28,70.19,E_WALLET,COMPLETED,2025-02-28 00:35:31+00:00
PM0000188,CL0000236,2025-06-29,134.17,BANK_TRANSFER,FAILED,2025-06-29 22:53:29+00:00
PM0000189,CL0000236,2025-07-03,134.17,BANK_TRANSFER,COMPLETED,2025-07-03 01:01:37+00:00
PM0000190,CL0000237,2025-09-26,5487.90,E_WALLET,COMPLETED,2025-09-26 19:41:37+00:00
PM0000191,CL0000238,2025-09-07,5365.42,BANK_TRANSFER,COMPLETED,2025-09-07 00:44:01+00:00
PM0000192,CL0000239,2025-11-05,57.69,CARD,COMPLETED,2025-11-05 08:59:57+00:00
PM0000193,CL0000241,2025-05-01,39.28,BANK_TRANSFER,COMPLETED,2025-05-01 03:20:51+00:00
PM0000194,CL0000243,2025-12-22,55.35,CARD,COMPLETED,2025-12-22 15:29:29+00:00
PM0000195,CL0000245,2025-09-23,3392.96,BANK_TRANSFER,COMPLETED,2025-09-23 03:13:57+00:00
PM0000196,CL0000248,2025-07-25,1060.70,CARD,COMPLETED,2025-07-25 16:52:39+00:00
PM0000197,CL0000249,2025-12-08,637.49,CARD,COMPLETED,2025-12-08 22:15:57+00:00
PM0000198,CL0000250,2026-01-04,21.55,E_WALLET,PENDING,2026-01-04 21:51:40+00:00
PM0000199,CL0000251,2026-01-09,6216.70,BANK_TRANSFER,PENDING,2026-01-09 05:58:01+00:00
PM0000200,CL0000252,2026-01-01,2242.24,BANK_TRANSFER,COMPLETED,2026-01-01 18:42:16+00:00
PM0000201,CL0000254,2025-09-29,81.63,CARD,COMPLETED,2025-09-29 10:31:55+00:00
PM0000202,CL0000255,2025-08-18,239.96,BANK_TRANSFER,FAILED,2025-08-18 14:10:26+00:00
PM0000203,CL0000255,2025-08-22,239.96,CHEQUE,COMPLETED,2025-08-22 11:46:00+00:00
PM0000204,CL0000256,2025-03-08,327.56,E_WALLET,COMPLETED,2025-03-08 15:38:01+00:00
PM0000205,CL0000257,2024-07-11,205.26,E_WALLET,COMPLETED,2024-07-11 20:56:18+00:00
PM0000206,CL0000258,2024-10-03,500.00,CHEQUE,COMPLETED,2024-10-03 17:51:23+00:00
PM0000207,CL0000259,2025-04-26,95.82,CHEQUE,COMPLETED,2025-04-26 13:32:04+00:00
PM0000208,CL0000260,2025-12-03,109.56,CHEQUE,FAILED,2025-12-03 05:25:29+00:00
PM0000209,CL0000260,2025-12-12,109.56,E_WALLET,COMPLETED,2025-12-12 05:37:26+00:00
PM0000210,CL0000261,2025-12-31,75.02,BANK_TRANSFER,COMPLETED,2025-12-31 09:07:54+00:00
PM0000211,CL0000262,2026-01-02,3848.60,BANK_TRANSFER,PENDING,2026-01-02 06:07:20+00:00
PM0000212,CL0000263,2025-10-11,2895.09,BANK_TRANSFER,FAILED,2025-10-11 10:51:41+00:00
PM0000213,CL0000263,2025-10-13,2895.09,E_WALLET,COMPLETED,2025-10-13 17:40:29+00:00
PM0000214,CL0000265,2026-01-14,26025.83,BANK_TRANSFER,PENDING,2026-01-14 10:51:01+00:00
PM0000215,CL0000268,2025-09-19,14224.34,BANK_TRANSFER,COMPLETED,2025-09-19 15:14:02+00:00
PM0000216,CL0000269,2025-05-13,89.69,CARD,COMPLETED,2025-05-13 17:52:04+00:00
PM0000217,CL0000270,2026-01-29,5006.05,BANK_TRANSFER,PENDING,2026-01-29 20:29:05+00:00
PM0000218,CL0000271,2026-01-13,1198.41,BANK_TRANSFER,PENDING,2026-01-13 10:53:15+00:00
PM0000219,CL0000272,2026-01-08,3764.91,BANK_TRANSFER,PENDING,2026-01-08 05:31:33+00:00
PM0000220,CL0000273,2025-10-05,19362.22,BANK_TRANSFER,COMPLETED,2025-10-05 03:02:11+00:00
PM0000221,CL0000275,2026-01-10,144.34,BANK_TRANSFER,PENDING,2026-01-10 05:38:03+00:00
PM0000222,CL0000277,2026-01-02,50.00,BANK_TRANSFER,PENDING,2026-01-02 07:43:54+00:00
PM0000223,CL0000278,2024-12-01,9619.31,BANK_TRANSFER,COMPLETED,2024-12-01 02:52:16+00:00
PM0000224,CL0000280,2025-12-31,280.16,BANK_TRANSFER,COMPLETED,2025-12-31 13:28:02+00:00
PM0000225,CL0000282,2025-09-28,1000.00,BANK_TRANSFER,FAILED,2025-09-28 07:43:35+00:00
PM0000226,CL0000282,2025-10-04,1000.00,BANK_TRANSFER,COMPLETED,2025-10-04 08:52:59+00:00
PM0000227,CL0000283,2026-01-02,12601.78,BANK_TRANSFER,PENDING,2026-01-02 06:25:49+00:00
PM0000228,CL0000284,2025-06-16,1000.00,E_WALLET,FAILED,2025-06-16 15:03:23+00:00
PM0000229,CL0000284,2025-06-22,1000.00,E_WALLET,COMPLETED,2025-06-22 18:11:01+00:00
PM0000230,CL0000285,2025-11-15,500.00,BANK_TRANSFER,COMPLETED,2025-11-15 08:48:57+00:00
PM0000231,CL0000286,2025-10-08,12183.86,E_WALLET,COMPLETED,2025-10-08 21:47:45+00:00
PM0000232,CL0000287,2025-07-29,743.31,BANK_TRANSFER,COMPLETED,2025-07-29 19:34:56+00:00
PM0000233,CL0000288,2025-04-03,45.99,BANK_TRANSFER,COMPLETED,2025-04-03 00:43:03+00:00
PM0000234,CL0000290,2025-10-28,16739.18,BANK_TRANSFER,COMPLETED,2025-10-28 11:04:13+00:00
PM0000235,CL0000293,2025-02-19,104.43,BANK_TRANSFER,COMPLETED,2025-02-19 00:56:38+00:00
PM0000236,CL0000294,2025-11-10,271.87,BANK_TRANSFER,COMPLETED,2025-11-10 09:54:04+00:00
PM0000237,CL0000295,2025-09-28,682.92,BANK_TRANSFER,COMPLETED,2025-09-28 14:06:09+00:00
PM0000238,CL0000296,2025-12-31,32855.50,BANK_TRANSFER,COMPLETED,2025-12-31 11:27:37+00:00
PM0000239,CL0000297,2025-11-07,500.00,E_WALLET,COMPLETED,2025-11-07 03:47:32+00:00
PM0000240,CL0000298,2025-12-24,459.22,BANK_TRANSFER,COMPLETED,2025-12-24 02:20:46+00:00
PM0000241,CL0000299,2025-12-10,4930.42,E_WALLET,FAILED,2025-12-10 07:45:42+00:00
PM0000242,CL0000299,2025-12-17,4930.42,BANK_TRANSFER,COMPLETED,2025-12-17 01:08:18+00:00
PM0000243,CL0000301,2025-12-03,9360.83,BANK_TRANSFER,COMPLETED,2025-12-03 09:53:36+00:00
PM0000244,CL0000303,2025-04-11,50.00,BANK_TRANSFER,COMPLETED,2025-04-11 15:00:10+00:00
PM0000245,CL0000305,2025-08-08,3252.65,BANK_TRANSFER,COMPLETED,2025-08-08 03:56:39+00:00
PM0000246,CL0000306,2025-09-28,924.63,BANK_TRANSFER,COMPLETED,2025-09-28 11:45:03+00:00
PM0000247,CL0000307,2025-09-22,114.21,E_WALLET,COMPLETED,2025-09-22 03:47:53+00:00
PM0000248,CL0000309,2025-12-21,2684.71,BANK_TRANSFER,COMPLETED,2025-12-21 23:52:58+00:00
PM0000249,CL0000310,2024-06-24,191.57,BANK_TRANSFER,COMPLETED,2024-06-24 22:46:51+00:00
PM0000250,CL0000311,2026-01-16,9022.44,BANK_TRANSFER,PENDING,2026-01-16 22:24:05+00:00
PM0000251,CL0000313,2026-01-26,1322.66,E_WALLET,PENDING,2026-01-26 09:49:22+00:00
PM0000252,CL0000314,2025-11-04,11038.21,CARD,COMPLETED,2025-11-04 09:18:10+00:00
PM0000253,CL0000315,2024-10-06,166.73,CARD,COMPLETED,2024-10-06 15:12:36+00:00
PM0000254,CL0000318,2026-01-24,64.38,BANK_TRANSFER,PENDING,2026-01-24 23:16:53+00:00
PM0000255,CL0000319,2025-10-14,8635.73,BANK_TRANSFER,COMPLETED,2025-10-14 22:45:07+00:00
PM0000256,CL0000320,2025-11-26,40.20,BANK_TRANSFER,FAILED,2025-11-26 02:50:18+00:00
PM0000257,CL0000320,2025-11-27,40.20,CHEQUE,COMPLETED,2025-11-27 16:43:55+00:00
PM0000258,CL0000321,2026-01-05,59.49,BANK_TRANSFER,PENDING,2026-01-05 06:42:16+00:00
PM0000259,CL0000322,2026-01-01,13380.58,BANK_TRANSFER,COMPLETED,2026-01-01 08:16:21+00:00
PM0000260,CL0000323,2025-08-25,2035.84,BANK_TRANSFER,COMPLETED,2025-08-25 04:18:45+00:00
PM0000261,CL0000325,2025-08-29,702.77,CARD,COMPLETED,2025-08-29 05:40:07+00:00
PM0000262,CL0000326,2025-11-22,500.00,BANK_TRANSFER,COMPLETED,2025-11-22 23:58:53+00:00
PM0000263,CL0000327,2025-10-05,50.00,E_WALLET,COMPLETED,2025-10-05 12:50:42+00:00
PM0000264,CL0000328,2025-11-26,50.00,BANK_TRANSFER,COMPLETED,2025-11-26 02:13:42+00:00
PM0000265,CL0000329,2026-01-02,291.84,BANK_TRANSFER,PENDING,2026-01-02 17:33:20+00:00
PM0000266,CL0000331,2024-09-11,62.37,CHEQUE,COMPLETED,2024-09-11 08:30:01+00:00
PM0000267,CL0000334,2025-11-16,1000.00,BANK_TRANSFER,COMPLETED,2025-11-16 13:13:13+00:00
PM0000268,CL0000336,2026-01-25,142.83,E_WALLET,PENDING,2026-01-25 05:21:57+00:00
PM0000269,CL0000339,2025-09-10,50.00,BANK_TRANSFER,FAILED,2025-09-10 08:42:49+00:00
PM0000270,CL0000339,2025-09-11,50.00,BANK_TRANSFER,COMPLETED,2025-09-11 19:17:10+00:00
PM0000271,CL0000341,2025-10-09,7680.81,BANK_TRANSFER,COMPLETED,2025-10-09 07:50:47+00:00
PM0000272,CL0000343,2025-10-26,75.91,BANK_TRANSFER,COMPLETED,2025-10-26 05:03:09+00:00
PM0000273,CL0000344,2025-10-11,500.00,BANK_TRANSFER,FAILED,2025-10-11 11:28:02+00:00
PM0000274,CL0000344,2025-10-17,500.00,BANK_TRANSFER,COMPLETED,2025-10-17 10:11:56+00:00
PM0000275,CL0000345,2025-08-04,6030.34,BANK_TRANSFER,FAILED,2025-08-04 01:38:06+00:00
PM0000276,CL0000345,2025-08-08,6030.34,BANK_TRANSFER,COMPLETED,2025-08-08 22:03:38+00:00
PM0000277,CL0000347,2025-04-30,50.00,CARD,COMPLETED,2025-04-30 13:01:49+00:00
PM0000278,CL0000348,2025-02-24,248.95,BANK_TRANSFER,COMPLETED,2025-02-24 21:51:48+00:00
PM0000279,CL0000349,2025-11-22,1300.55,E_WALLET,COMPLETED,2025-11-22 20:19:52+00:00
PM0000280,CL0000351,2025-09-26,1000.00,BANK_TRANSFER,COMPLETED,2025-09-26 05:20:18+00:00
PM0000281,CL0000352,2024-11-15,78.93,E_WALLET,COMPLETED,2024-11-15 20:08:54+00:00
PM0000282,CL0000356,2025-10-13,8662.13,CARD,COMPLETED,2025-10-13 12:32:42+00:00
PM0000283,CL0000358,2025-05-29,2764.64,BANK_TRANSFER,FAILED,2025-05-29 08:06:37+00:00
PM0000284,CL0000358,2025-05-31,2764.64,BANK_TRANSFER,COMPLETED,2025-05-31 04:11:55+00:00
PM0000285,CL0000359,2025-11-15,869.28,E_WALLET,COMPLETED,2025-11-15 23:20:10+00:00
PM0000286,CL0000360,2026-01-05,120.35,BANK_TRANSFER,PENDING,2026-01-05 23:03:15+00:00
PM0000287,CL0000361,2026-01-05,77.96,BANK_TRANSFER,PENDING,2026-01-05 06:16:10+00:00
PM0000288,CL0000362,2026-01-22,446.75,E_WALLET,PENDING,2026-01-22 15:21:39+00:00
PM0000289,CL0000363,2025-12-03,291.44,BANK_TRANSFER,FAILED,2025-12-03 01:05:53+00:00
PM0000290,CL0000363,2025-12-13,291.44,BANK_TRANSFER,COMPLETED,2025-12-13 02:23:39+00:00
PM0000291,CL0000364,2025-11-01,4460.40,BANK_TRANSFER,COMPLETED,2025-11-01 13:30:34+00:00
PM0000292,CL0000366,2025-10-15,236.19,CARD,FAILED,2025-10-15 05:29:54+00:00
PM0000293,CL0000366,2025-10-20,236.19,BANK_TRANSFER,COMPLETED,2025-10-20 21:44:20+00:00
PM0000294,CL0000367,2025-12-08,14179.14,BANK_TRANSFER,COMPLETED,2025-12-08 08:02:40+00:00
PM0000295,CL0000368,2025-04-22,247.41,CARD,COMPLETED,2025-04-22 17:50:10+00:00
PM0000296,CL0000369,2026-01-12,6017.04,BANK_TRANSFER,PENDING,2026-01-12 09:10:13+00:00
PM0000297,CL0000370,2025-12-26,78.60,BANK_TRANSFER,FAILED,2025-12-26 16:25:56+00:00
PM0000298,CL0000370,2025-12-28,78.60,BANK_TRANSFER,COMPLETED,2025-12-28 13:36:37+00:00
PM0000299,CL0000372,2025-08-19,8624.63,BANK_TRANSFER,FAILED,2025-08-19 09:52:36+00:00
PM0000300,CL0000372,2025-08-27,8624.63,BANK_TRANSFER,COMPLETED,2025-08-27 03:23:06+00:00
PM0000301,CL0000374,2025-06-09,364.79,CHEQUE,COMPLETED,2025-06-09 03:43:35+00:00
PM0000302,CL0000377,2025-12-25,72.40,CHEQUE,COMPLETED,2025-12-25 00:00:37+00:00
PM0000303,CL0000380,2025-09-04,13016.51,BANK_TRANSFER,FAILED,2025-09-04 02:13:51+00:00
PM0000304,CL0000380,2025-09-11,13016.51,CARD,COMPLETED,2025-09-11 19:12:54+00:00
PM0000305,CL0000381,2026-01-05,69.83,BANK_TRANSFER,PENDING,2026-01-05 18:23:25+00:00
PM0000306,CL0000382,2025-07-06,134.38,BANK_TRANSFER,COMPLETED,2025-07-06 09:35:26+00:00
PM0000307,CL0000385,2025-09-24,4604.02,BANK_TRANSFER,COMPLETED,2025-09-24 05:04:38+00:00
PM0000308,CL0000387,2025-12-29,7310.98,CARD,COMPLETED,2025-12-29 23:52:41+00:00
PM0000309,CL0000388,2025-11-10,1657.50,CHEQUE,FAILED,2025-11-10 01:28:28+00:00
PM0000310,CL0000388,2025-11-20,1657.50,BANK_TRANSFER,COMPLETED,2025-11-20 23:27:00+00:00
PM0000311,CL0000390,2025-09-08,166.00,CARD,COMPLETED,2025-09-08 00:34:51+00:00
PM0000312,CL0000392,2025-04-16,2746.81,CHEQUE,FAILED,2025-04-16 08:07:20+00:00
PM0000313,CL0000392,2025-04-22,2746.81,CARD,COMPLETED,2025-04-22 21:01:29+00:00
PM0000314,CL0000393,2025-10-15,4834.97,E_WALLET,FAILED,2025-10-15 22:45:19+00:00
PM0000315,CL0000393,2025-10-20,4834.97,BANK_TRANSFER,COMPLETED,2025-10-20 22:59:48+00:00
PM0000316,CL0000397,2026-01-16,70.78,E_WALLET,PENDING,2026-01-16 00:03:11+00:00
PM0000317,CL0000398,2025-12-12,282.67,E_WALLET,COMPLETED,2025-12-12 21:52:29+00:00
PM0000318,CL0000399,2025-09-07,1565.01,BANK_TRANSFER,COMPLETED,2025-09-07 22:21:54+00:00
PM0000319,CL0000400,2025-09-16,500.00,BANK_TRANSFER,COMPLETED,2025-09-16 00:49:32+00:00
PM0000320,CL0000401,2025-11-01,73.50,BANK_TRANSFER,COMPLETED,2025-11-01 03:55:55+00:00
PM0000321,CL0000404,2025-05-18,89.72,BANK_TRANSFER,COMPLETED,2025-05-18 22:22:55+00:00
PM0000322,CL0000405,2025-08-04,282.04,CHEQUE,COMPLETED,2025-08-04 01:14:10+00:00
PM0000323,CL0000406,2024-08-28,130.02,E_WALLET,COMPLETED,2024-08-28 20:48:44+00:00
PM0000324,CL0000410,2025-11-17,33.23,CHEQUE,COMPLETED,2025-11-17 04:50:13+00:00
PM0000325,CL0000411,2025-12-24,480.50,CHEQUE,COMPLETED,2025-12-24 14:05:00+00:00
PM0000326,CL0000412,2025-12-21,2786.16,E_WALLET,COMPLETED,2025-12-21 21:27:43+00:00
PM0000327,CL0000413,2025-04-18,8050.16,CARD,COMPLETED,2025-04-18 05:28:30+00:00
PM0000328,CL0000415,2025-09-10,80.47,CARD,COMPLETED,2025-09-10 02:10:57+00:00
PM0000329,CL0000416,2026-01-07,29806.27,BANK_TRANSFER,PENDING,2026-01-07 09:19:01+00:00
PM0000330,CL0000417,2026-01-01,3154.72,BANK_TRANSFER,COMPLETED,2026-01-01 06:23:18+00:00
PM0000331,CL0000418,2025-11-15,1000.00,BANK_TRANSFER,COMPLETED,2025-11-15 20:57:01+00:00
PM0000332,CL0000420,2025-10-18,105.05,CARD,COMPLETED,2025-10-18 13:42:50+00:00
PM0000333,CL0000421,2025-10-01,2201.08,BANK_TRANSFER,COMPLETED,2025-10-01 10:25:34+00:00
PM0000334,CL0000422,2025-12-09,18348.60,CARD,COMPLETED,2025-12-09 05:53:30+00:00
PM0000335,CL0000423,2025-01-02,279.90,BANK_TRANSFER,COMPLETED,2025-01-02 05:20:05+00:00
PM0000336,CL0000424,2025-11-13,2471.51,BANK_TRANSFER,COMPLETED,2025-11-13 19:53:47+00:00
PM0000337,CL0000425,2025-06-08,137.30,BANK_TRANSFER,COMPLETED,2025-06-08 17:09:41+00:00
PM0000338,CL0000426,2025-04-24,192.75,BANK_TRANSFER,COMPLETED,2025-04-24 15:48:10+00:00
PM0000339,CL0000427,2025-06-27,544.18,E_WALLET,COMPLETED,2025-06-27 11:54:06+00:00
PM0000340,CL0000429,2025-12-23,47213.67,CHEQUE,COMPLETED,2025-12-23 02:14:43+00:00
PM0000341,CL0000430,2026-01-12,4792.41,CARD,PENDING,2026-01-12 08:36:46+00:00
PM0000342,CL0000431,2025-12-01,6021.59,BANK_TRANSFER,FAILED,2025-12-01 12:52:37+00:00
PM0000343,CL0000431,2025-12-08,6021.59,CARD,COMPLETED,2025-12-08 19:41:17+00:00
PM0000344,CL0000432,2025-03-06,1935.43,CARD,COMPLETED,2025-03-06 15:32:08+00:00
PM0000345,CL0000433,2025-11-16,50000.00,E_WALLET,COMPLETED,2025-11-16 07:40:46+00:00
PM0000346,CL0000435,2025-12-19,2085.25,E_WALLET,COMPLETED,2025-12-19 01:32:11+00:00
PM0000347,CL0000437,2025-11-13,1732.86,CHEQUE,COMPLETED,2025-11-13 01:54:09+00:00
PM0000348,CL0000439,2025-12-15,3040.02,BANK_TRANSFER,COMPLETED,2025-12-15 17:29:03+00:00
PM0000349,CL0000440,2025-05-29,6714.09,BANK_TRANSFER,COMPLETED,2025-05-29 00:22:00+00:00
PM0000350,CL0000442,2024-07-21,500.00,BANK_TRANSFER,COMPLETED,2024-07-21 10:47:22+00:00
PM0000351,CL0000443,2025-11-30,2763.80,BANK_TRANSFER,COMPLETED,2025-11-30 03:48:16+00:00
PM0000352,CL0000444,2025-12-26,2665.83,CHEQUE,COMPLETED,2025-12-26 06:13:08+00:00
PM0000353,CL0000446,2025-12-04,124.87,CARD,COMPLETED,2025-12-04 22:10:36+00:00
PM0000354,CL0000447,2026-01-01,50.00,BANK_TRANSFER,COMPLETED,2026-01-01 19:41:30+00:00
PM0000355,CL0000448,2025-02-05,3571.53,BANK_TRANSFER,COMPLETED,2025-02-05 20:05:33+00:00
PM0000356,CL0000449,2025-07-14,21042.39,CARD,FAILED,2025-07-14 13:16:15+00:00
PM0000357,CL0000449,2025-07-20,21042.39,CHEQUE,COMPLETED,2025-07-20 19:31:23+00:00
PM0000358,CL0000450,2026-01-13,1389.16,E_WALLET,PENDING,2026-01-13 17:55:50+00:00
PM0000359,CL0000451,2025-12-03,186.62,BANK_TRANSFER,COMPLETED,2025-12-03 00:08:23+00:00
PM0000360,CL0000453,2026-01-14,2188.44,BANK_TRANSFER,PENDING,2026-01-14 18:34:23+00:00
PM0000361,CL0000454,2025-12-30,2589.76,BANK_TRANSFER,COMPLETED,2025-12-30 20:58:10+00:00
PM0000362,CL0000455,2026-01-13,70.66,E_WALLET,PENDING,2026-01-13 22:16:59+00:00
PM0000363,CL0000456,2025-10-16,52.03,BANK_TRANSFER,COMPLETED,2025-10-16 20:03:08+00:00
PM0000364,CL0000457,2025-07-05,167.56,CARD,COMPLETED,2025-07-05 14:21:27+00:00
PM0000365,CL0000459,2025-11-21,50.00,BANK_TRANSFER,COMPLETED,2025-11-21 00:52:05+00:00
PM0000366,CL0000460,2024-12-08,161.13,BANK_TRANSFER,COMPLETED,2024-12-08 03:20:19+00:00
PM0000367,CL0000465,2025-03-24,1496.24,BANK_TRANSFER,COMPLETED,2025-03-24 22:05:05+00:00
PM0000368,CL0000466,2025-09-14,5086.56,E_WALLET,COMPLETED,2025-09-14 17:48:11+00:00
PM0000369,CL0000467,2025-12-02,92.67,BANK_TRANSFER,COMPLETED,2025-12-02 20:06:16+00:00
PM0000370,CL0000470,2025-11-07,6696.02,E_WALLET,FAILED,2025-11-07 09:09:42+00:00
PM0000371,CL0000470,2025-11-14,6696.02,CHEQUE,COMPLETED,2025-11-14 10:35:16+00:00
PM0000372,CL0000471,2025-11-19,15597.78,BANK_TRANSFER,COMPLETED,2025-11-19 11:51:34+00:00
PM0000373,CL0000472,2025-05-05,2550.69,BANK_TRANSFER,COMPLETED,2025-05-05 14:35:53+00:00
PM0000374,CL0000473,2025-12-12,2394.12,CARD,COMPLETED,2025-12-12 22:37:31+00:00
PM0000375,CL0000474,2026-01-19,6410.36,E_WALLET,PENDING,2026-01-19 15:38:14+00:00
PM0000376,CL0000476,2025-07-15,2393.74,CARD,COMPLETED,2025-07-15 10:36:41+00:00
PM0000377,CL0000477,2025-11-12,6914.38,CARD,COMPLETED,2025-11-12 02:56:58+00:00
PM0000378,CL0000478,2026-01-06,332.71,E_WALLET,PENDING,2026-01-06 06:47:07+00:00
PM0000379,CL0000481,2026-01-05,177.73,BANK_TRANSFER,PENDING,2026-01-05 12:39:04+00:00
PM0000380,CL0000483,2026-01-25,2001.44,BANK_TRANSFER,PENDING,2026-01-25 08:40:09+00:00
PM0000381,CL0000484,2025-08-24,1471.49,BANK_TRANSFER,COMPLETED,2025-08-24 13:23:01+00:00
PM0000382,CL0000485,2026-01-21,375.12,CARD,PENDING,2026-01-21 09:46:10+00:00
PM0000383,CL0000486,2025-09-09,14760.59,BANK_TRANSFER,COMPLETED,2025-09-09 01:05:20+00:00
PM0000384,CL0000487,2024-05-08,18597.52,CARD,COMPLETED,2024-05-08 22:15:03+00:00
PM0000385,CL0000488,2024-11-05,207.83,CHEQUE,COMPLETED,2024-11-05 09:08:00+00:00
PM0000386,CL0000489,2024-08-09,1577.52,BANK_TRANSFER,COMPLETED,2024-08-09 01:25:33+00:00
PM0000387,CL0000490,2024-08-04,779.11,BANK_TRANSFER,FAILED,2024-08-04 01:19:53+00:00
PM0000388,CL0000490,2024-08-10,779.11,E_WALLET,COMPLETED,2024-08-10 03:29:52+00:00
PM0000389,CL0000491,2025-03-02,3200.41,CARD,COMPLETED,2025-03-02 12:35:34+00:00
PM0000390,CL0000492,2025-12-31,1763.24,CHEQUE,COMPLETED,2025-12-31 02:48:16+00:00
PM0000391,CL0000493,2025-11-07,6208.71,CHEQUE,COMPLETED,2025-11-07 11:42:00+00:00
PM0000392,CL0000494,2026-01-10,101.34,BANK_TRANSFER,PENDING,2026-01-10 06:51:06+00:00
PM0000393,CL0000495,2026-01-08,7190.87,CHEQUE,PENDING,2026-01-08 08:29:00+00:00
PM0000394,CL0000497,2025-07-25,1896.87,E_WALLET,COMPLETED,2025-07-25 11:29:10+00:00
PM0000395,CL0000498,2026-01-18,78.95,BANK_TRANSFER,PENDING,2026-01-18 23:22:43+00:00
PM0000396,CL0000499,2025-08-04,59.95,BANK_TRANSFER,FAILED,2025-08-04 00:42:14+00:00
PM0000397,CL0000499,2025-08-05,59.95,CHEQUE,COMPLETED,2025-08-05 21:08:02+00:00
PM0000398,CL0000501,2025-11-30,7197.57,E_WALLET,COMPLETED,2025-11-30 22:02:24+00:00
PM0000399,CL0000502,2025-12-17,246.95,BANK_TRANSFER,COMPLETED,2025-12-17 17:04:49+00:00
PM0000400,CL0000506,2025-11-19,497.90,E_WALLET,COMPLETED,2025-11-19 23:14:37+00:00
PM0000401,CL0000507,2025-12-23,2347.60,BANK_TRANSFER,COMPLETED,2025-12-23 20:50:22+00:00
PM0000402,CL0000509,2025-10-28,2397.83,BANK_TRANSFER,COMPLETED,2025-10-28 05:54:42+00:00
PM0000403,CL0000512,2025-10-05,239.13,CARD,COMPLETED,2025-10-05 08:07:45+00:00
PM0000404,CL0000513,2025-11-07,2442.42,CARD,COMPLETED,2025-11-07 22:20:36+00:00
PM0000405,CL0000515,2024-11-22,500.00,BANK_TRANSFER,FAILED,2024-11-22 19:04:25+00:00
PM0000406,CL0000515,2024-11-27,500.00,BANK_TRANSFER,COMPLETED,2024-11-27 16:46:46+00:00
PM0000407,CL0000516,2025-09-22,374.00,CHEQUE,COMPLETED,2025-09-22 04:36:23+00:00
PM0000408,CL0000518,2025-12-30,155.03,BANK_TRANSFER,COMPLETED,2025-12-30 19:21:01+00:00
PM0000409,CL0000519,2026-01-10,2283.51,BANK_TRANSFER,PENDING,2026-01-10 17:43:39+00:00
PM0000410,CL0000521,2025-08-16,4225.94,BANK_TRANSFER,COMPLETED,2025-08-16 12:16:15+00:00
PM0000411,CL0000523,2025-12-25,2202.88,BANK_TRANSFER,COMPLETED,2025-12-25 09:27:33+00:00
PM0000412,CL0000525,2025-12-20,548.15,BANK_TRANSFER,COMPLETED,2025-12-20 22:10:51+00:00
PM0000413,CL0000527,2024-08-30,23716.47,BANK_TRANSFER,COMPLETED,2024-08-30 00:54:50+00:00
PM0000414,CL0000528,2025-01-19,4409.06,BANK_TRANSFER,COMPLETED,2025-01-19 04:45:57+00:00
PM0000415,CL0000529,2024-12-02,867.08,E_WALLET,COMPLETED,2024-12-02 07:46:59+00:00
PM0000416,CL0000530,2025-10-25,63.10,BANK_TRANSFER,COMPLETED,2025-10-25 10:00:50+00:00
PM0000417,CL0000533,2025-08-25,3322.23,BANK_TRANSFER,COMPLETED,2025-08-25 11:39:35+00:00
PM0000418,CL0000535,2025-07-09,76.34,E_WALLET,COMPLETED,2025-07-09 18:47:39+00:00
PM0000419,CL0000537,2025-08-08,6915.14,BANK_TRANSFER,COMPLETED,2025-08-08 12:07:03+00:00
PM0000420,CL0000539,2025-12-25,186.51,BANK_TRANSFER,COMPLETED,2025-12-25 21:13:54+00:00
PM0000421,CL0000540,2025-12-20,8120.27,E_WALLET,COMPLETED,2025-12-20 23:21:00+00:00
PM0000422,CL0000541,2025-11-05,5832.67,CARD,COMPLETED,2025-11-05 22:29:00+00:00
PM0000423,CL0000542,2024-12-04,11094.14,E_WALLET,COMPLETED,2024-12-04 01:22:20+00:00
PM0000424,CL0000543,2025-09-27,500.00,BANK_TRANSFER,COMPLETED,2025-09-27 13:01:07+00:00
PM0000425,CL0000544,2025-11-13,105.90,BANK_TRANSFER,COMPLETED,2025-11-13 07:52:00+00:00
PM0000426,CL0000545,2025-08-14,1841.62,BANK_TRANSFER,COMPLETED,2025-08-14 09:08:47+00:00
PM0000427,CL0000547,2025-08-15,4960.06,BANK_TRANSFER,COMPLETED,2025-08-15 18:06:04+00:00
PM0000428,CL0000548,2025-10-16,84.73,BANK_TRANSFER,COMPLETED,2025-10-16 09:24:49+00:00
PM0000429,CL0000551,2025-03-26,2761.76,BANK_TRANSFER,FAILED,2025-03-26 14:48:40+00:00
PM0000430,CL0000551,2025-03-29,2761.76,BANK_TRANSFER,COMPLETED,2025-03-29 20:59:53+00:00
PM0000431,CL0000552,2026-01-16,10524.97,BANK_TRANSFER,PENDING,2026-01-16 15:22:28+00:00
PM0000432,CL0000553,2025-10-11,24393.69,BANK_TRANSFER,COMPLETED,2025-10-11 16:58:03+00:00
PM0000433,CL0000555,2025-09-03,7440.42,E_WALLET,COMPLETED,2025-09-03 03:07:08+00:00
PM0000434,CL0000558,2025-12-18,32.06,BANK_TRANSFER,COMPLETED,2025-12-18 16:55:32+00:00
PM0000435,CL0000559,2025-10-02,96.73,BANK_TRANSFER,COMPLETED,2025-10-02 01:27:16+00:00
PM0000436,CL0000560,2025-11-01,11166.98,BANK_TRANSFER,COMPLETED,2025-11-01 02:21:42+00:00
PM0000437,CL0000561,2025-11-06,105.76,CARD,COMPLETED,2025-11-06 18:41:27+00:00
PM0000438,CL0000564,2025-08-22,688.99,BANK_TRANSFER,COMPLETED,2025-08-22 01:53:35+00:00
PM0000439,CL0000565,2025-12-06,80.21,BANK_TRANSFER,COMPLETED,2025-12-06 19:50:09+00:00
PM0000440,CL0000569,2026-01-18,285.85,BANK_TRANSFER,PENDING,2026-01-18 10:57:34+00:00
PM0000441,CL0000571,2025-12-26,111.91,BANK_TRANSFER,COMPLETED,2025-12-26 11:46:04+00:00
PM0000442,CL0000573,2025-09-02,118.24,BANK_TRANSFER,COMPLETED,2025-09-02 17:46:41+00:00
PM0000443,CL0000575,2025-11-28,1083.26,CHEQUE,COMPLETED,2025-11-28 11:14:58+00:00
PM0000444,CL0000576,2025-04-16,4115.89,BANK_TRANSFER,FAILED,2025-04-16 07:58:10+00:00
PM0000445,CL0000576,2025-04-19,4115.89,BANK_TRANSFER,COMPLETED,2025-04-19 20:35:41+00:00
PM0000446,CL0000577,2025-06-14,8402.02,BANK_TRANSFER,COMPLETED,2025-06-14 03:45:13+00:00
PM0000447,CL0000578,2025-12-31,331.59,BANK_TRANSFER,COMPLETED,2025-12-31 19:00:43+00:00
PM0000448,CL0000579,2025-09-22,5090.82,BANK_TRANSFER,COMPLETED,2025-09-22 19:32:53+00:00
PM0000449,CL0000580,2025-12-24,2119.29,BANK_TRANSFER,COMPLETED,2025-12-24 15:08:57+00:00
PM0000450,CL0000581,2026-01-06,170.03,E_WALLET,PENDING,2026-01-06 06:15:41+00:00
PM0000451,CL0000583,2026-01-17,50.00,BANK_TRANSFER,PENDING,2026-01-17 19:26:24+00:00
PM0000452,CL0000584,2026-01-05,24221.24,BANK_TRANSFER,PENDING,2026-01-05 23:14:05+00:00
PM0000453,CL0000585,2025-08-16,89.88,E_WALLET,COMPLETED,2025-08-16 01:56:35+00:00
PM0000454,CL0000586,2025-12-19,500.00,CARD,COMPLETED,2025-12-19 12:59:56+00:00
PM0000455,CL0000587,2025-09-27,3704.68,BANK_TRANSFER,COMPLETED,2025-09-27 08:16:15+00:00
PM0000456,CL0000588,2025-11-27,4096.11,BANK_TRANSFER,COMPLETED,2025-11-27 21:51:57+00:00
PM0000457,CL0000589,2025-11-30,17256.03,BANK_TRANSFER,COMPLETED,2025-11-30 16:35:38+00:00
PM0000458,CL0000594,2025-12-23,14051.56,BANK_TRANSFER,FAILED,2025-12-23 08:56:31+00:00
PM0000459,CL0000594,2025-12-28,14051.56,CHEQUE,COMPLETED,2025-12-28 11:52:08+00:00
PM0000460,CL0000595,2026-01-07,414.37,BANK_TRANSFER,PENDING,2026-01-07 12:06:10+00:00
PM0000461,CL0000596,2026-01-12,265.22,BANK_TRANSFER,PENDING,2026-01-12 21:31:52+00:00
PM0000462,CL0000597,2025-12-04,1000.00,BANK_TRANSFER,COMPLETED,2025-12-04 15:29:20+00:00
PM0000463,CL0000598,2025-08-03,2243.64,BANK_TRANSFER,COMPLETED,2025-08-03 19:03:45+00:00
PM0000464,CL0000599,2025-12-14,1349.98,BANK_TRANSFER,COMPLETED,2025-12-14 14:40:08+00:00
PM0000465,CL0000600,2026-01-11,6170.99,E_WALLET,PENDING,2026-01-11 20:38:56+00:00
PM0000466,CL0000602,2025-10-24,500.00,CARD,COMPLETED,2025-10-24 20:06:01+00:00
PM0000467,CL0000603,2025-12-22,1658.52,BANK_TRANSFER,COMPLETED,2025-12-22 19:10:10+00:00
PM0000468,CL0000606,2025-12-22,294.15,BANK_TRANSFER,COMPLETED,2025-12-22 22:13:22+00:00
PM0000469,CL0000608,2026-01-22,28334.40,BANK_TRANSFER,PENDING,2026-01-22 06:07:40+00:00
PM0000470,CL0000609,2025-12-03,197.55,CHEQUE,COMPLETED,2025-12-03 14:02:52+00:00
PM0000471,CL0000613,2025-10-30,521.95,CARD,COMPLETED,2025-10-30 10:58:26+00:00
PM0000472,CL0000614,2025-07-25,500.00,CHEQUE,FAILED,2025-07-25 01:46:27+00:00
PM0000473,CL0000614,2025-07-27,500.00,CHEQUE,COMPLETED,2025-07-27 06:41:15+00:00
PM0000474,CL0000617,2025-09-25,3265.03,BANK_TRANSFER,COMPLETED,2025-09-25 11:52:36+00:00
PM0000475,CL0000618,2025-09-02,2680.03,BANK_TRANSFER,FAILED,2025-09-02 11:31:51+00:00
PM0000476,CL0000618,2025-09-05,2680.03,BANK_TRANSFER,COMPLETED,2025-09-05 16:03:18+00:00
PM0000477,CL0000619,2025-08-27,3591.96,CARD,FAILED,2025-08-27 15:33:36+00:00
PM0000478,CL0000619,2025-08-28,3591.96,BANK_TRANSFER,COMPLETED,2025-08-28 16:04:07+00:00
PM0000479,CL0000621,2025-07-25,1000.00,E_WALLET,COMPLETED,2025-07-25 10:51:42+00:00
PM0000480,CL0000623,2026-01-24,1605.42,E_WALLET,PENDING,2026-01-24 15:50:52+00:00
PM0000481,CL0000625,2026-01-01,2852.73,BANK_TRANSFER,COMPLETED,2026-01-01 10:20:37+00:00
PM0000482,CL0000629,2026-01-04,7269.28,BANK_TRANSFER,PENDING,2026-01-04 04:17:11+00:00
PM0000483,CL0000630,2025-10-02,6056.64,BANK_TRANSFER,COMPLETED,2025-10-02 07:02:14+00:00
PM0000484,CL0000631,2025-08-22,152.99,BANK_TRANSFER,COMPLETED,2025-08-22 22:54:44+00:00
PM0000485,CL0000634,2025-12-01,6415.66,E_WALLET,COMPLETED,2025-12-01 03:21:58+00:00
PM0000486,CL0000635,2026-01-25,6241.03,CHEQUE,PENDING,2026-01-25 13:47:09+00:00
PM0000487,CL0000636,2026-01-04,9491.35,BANK_TRANSFER,PENDING,2026-01-04 06:37:59+00:00
PM0000488,CL0000637,2025-06-19,500.00,CARD,COMPLETED,2025-06-19 14:08:34+00:00
PM0000489,CL0000638,2025-11-06,50.00,E_WALLET,COMPLETED,2025-11-06 01:42:24+00:00
PM0000490,CL0000639,2025-09-24,4199.93,BANK_TRANSFER,COMPLETED,2025-09-24 07:56:00+00:00
PM0000491,CL0000640,2025-03-02,2663.18,BANK_TRANSFER,COMPLETED,2025-03-02 03:00:55+00:00
PM0000492,CL0000641,2025-09-29,698.67,E_WALLET,COMPLETED,2025-09-29 04:22:10+00:00
PM0000493,CL0000642,2024-12-23,15000.00,BANK_TRANSFER,COMPLETED,2024-12-23 04:16:51+00:00
PM0000494,CL0000643,2025-07-12,50.82,BANK_TRANSFER,COMPLETED,2025-07-12 10:24:33+00:00
PM0000495,CL0000644,2025-04-20,135.61,CARD,COMPLETED,2025-04-20 00:03:34+00:00
PM0000496,CL0000645,2025-12-09,6923.12,CARD,COMPLETED,2025-12-09 06:25:52+00:00
PM0000497,CL0000646,2026-01-26,387.53,BANK_TRANSFER,PENDING,2026-01-26 11:46:36+00:00
PM0000498,CL0000648,2025-12-28,56.01,CHEQUE,FAILED,2025-12-28 02:40:51+00:00
PM0000499,CL0000648,2026-01-01,56.01,CARD,COMPLETED,2026-01-01 10:29:16+00:00
PM0000500,CL0000649,2025-12-12,4139.16,BANK_TRANSFER,COMPLETED,2025-12-12 01:34:41+00:00
PM0000501,CL0000651,2025-12-31,74.62,BANK_TRANSFER,COMPLETED,2025-12-31 03:37:42+00:00
PM0000502,CL0000652,2025-12-02,6622.01,E_WALLET,FAILED,2025-12-02 01:32:09+00:00
PM0000503,CL0000652,2025-12-09,6622.01,BANK_TRANSFER,COMPLETED,2025-12-09 07:49:42+00:00
PM0000504,CL0000653,2025-08-05,5851.30,BANK_TRANSFER,FAILED,2025-08-05 15:42:26+00:00
PM0000505,CL0000653,2025-08-06,5851.30,BANK_TRANSFER,COMPLETED,2025-08-06 03:21:07+00:00
PM0000506,CL0000654,2025-10-26,5934.02,E_WALLET,COMPLETED,2025-10-26 03:04:50+00:00
PM0000507,CL0000656,2026-01-14,663.48,E_WALLET,PENDING,2026-01-14 22:43:47+00:00
PM0000508,CL0000657,2025-09-23,143.69,BANK_TRANSFER,COMPLETED,2025-09-23 06:41:19+00:00
PM0000509,CL0000658,2025-05-10,58.54,BANK_TRANSFER,COMPLETED,2025-05-10 03:40:56+00:00
PM0000510,CL0000659,2025-10-20,245.84,BANK_TRANSFER,COMPLETED,2025-10-20 01:59:20+00:00
PM0000511,CL0000660,2025-07-23,2489.88,CHEQUE,COMPLETED,2025-07-23 13:38:44+00:00
PM0000512,CL0000661,2025-09-20,181.98,E_WALLET,COMPLETED,2025-09-20 09:04:01+00:00
PM0000513,CL0000662,2026-01-14,145.72,CARD,PENDING,2026-01-14 20:57:42+00:00
PM0000514,CL0000665,2025-11-09,135.30,BANK_TRANSFER,COMPLETED,2025-11-09 08:01:09+00:00
PM0000515,CL0000666,2025-05-13,3562.97,BANK_TRANSFER,COMPLETED,2025-05-13 11:08:44+00:00
PM0000516,CL0000667,2025-05-17,410.00,BANK_TRANSFER,COMPLETED,2025-05-17 04:33:11+00:00
PM0000517,CL0000668,2026-01-04,1386.95,BANK_TRANSFER,PENDING,2026-01-04 12:26:23+00:00
PM0000518,CL0000670,2025-08-31,235.70,E_WALLET,COMPLETED,2025-08-31 09:26:52+00:00
PM0000519,CL0000671,2025-09-25,131.66,CHEQUE,COMPLETED,2025-09-25 03:17:39+00:00
PM0000520,CL0000672,2025-12-13,50.00,E_WALLET,COMPLETED,2025-12-13 21:11:49+00:00
PM0000521,CL0000674,2025-12-08,1336.32,BANK_TRANSFER,COMPLETED,2025-12-08 00:49:16+00:00
PM0000522,CL0000675,2026-01-05,500.00,BANK_TRANSFER,PENDING,2026-01-05 07:10:16+00:00
PM0000523,CL0000676,2025-12-21,992.92,BANK_TRANSFER,FAILED,2025-12-21 23:48:36+00:00
PM0000524,CL0000676,2025-12-24,992.92,CARD,COMPLETED,2025-12-24 11:04:59+00:00
PM0000525,CL0000677,2025-11-02,500.00,CHEQUE,COMPLETED,2025-11-02 08:01:56+00:00
PM0000526,CL0000680,2025-12-07,202.27,E_WALLET,COMPLETED,2025-12-07 05:17:27+00:00
PM0000527,CL0000681,2025-04-12,27486.00,CARD,FAILED,2025-04-12 23:34:58+00:00
PM0000528,CL0000681,2025-04-19,27486.00,BANK_TRANSFER,COMPLETED,2025-04-19 04:43:01+00:00
PM0000529,CL0000684,2025-12-25,6689.74,BANK_TRANSFER,COMPLETED,2025-12-25 20:15:27+00:00
PM0000530,CL0000685,2026-01-13,500.00,BANK_TRANSFER,PENDING,2026-01-13 08:42:48+00:00
PM0000531,CL0000689,2025-12-18,2862.73,E_WALLET,FAILED,2025-12-18 01:01:51+00:00
PM0000532,CL0000689,2025-12-21,2862.73,CARD,COMPLETED,2025-12-21 08:38:13+00:00
PM0000533,CL0000690,2025-10-05,12219.03,CHEQUE,COMPLETED,2025-10-05 10:45:07+00:00
PM0000534,CL0000691,2025-12-23,18525.98,BANK_TRANSFER,COMPLETED,2025-12-23 03:19:51+00:00
PM0000535,CL0000692,2025-11-19,50.00,BANK_TRANSFER,COMPLETED,2025-11-19 11:18:39+00:00
PM0000536,CL0000694,2025-07-01,14007.99,BANK_TRANSFER,COMPLETED,2025-07-01 05:57:07+00:00
PM0000537,CL0000695,2025-02-08,84.23,BANK_TRANSFER,COMPLETED,2025-02-08 01:53:45+00:00
PM0000538,CL0000696,2026-01-16,19746.24,BANK_TRANSFER,PENDING,2026-01-16 03:18:45+00:00
PM0000539,CL0000698,2025-12-28,85.99,BANK_TRANSFER,COMPLETED,2025-12-28 21:43:24+00:00
PM0000540,CL0000701,2026-01-10,986.51,BANK_TRANSFER,PENDING,2026-01-10 05:32:41+00:00
PM0000541,CL0000703,2025-12-16,50000.00,E_WALLET,FAILED,2025-12-16 19:40:32+00:00
PM0000542,CL0000703,2025-12-25,50000.00,CARD,COMPLETED,2025-12-25 07:53:47+00:00
PM0000543,CL0000704,2025-08-13,15275.06,BANK_TRANSFER,COMPLETED,2025-08-13 19:48:04+00:00
PM0000544,CL0000705,2025-11-27,2587.43,BANK_TRANSFER,COMPLETED,2025-11-27 04:04:34+00:00
PM0000545,CL0000707,2025-11-18,352.98,E_WALLET,FAILED,2025-11-18 10:14:57+00:00
PM0000546,CL0000707,2025-11-21,352.98,CARD,COMPLETED,2025-11-21 02:00:54+00:00
PM0000547,CL0000709,2025-10-31,9874.11,CARD,FAILED,2025-10-31 01:44:14+00:00
PM0000548,CL0000709,2025-11-04,9874.11,CARD,COMPLETED,2025-11-04 00:57:34+00:00
PM0000549,CL0000710,2026-01-06,116.95,E_WALLET,PENDING,2026-01-06 07:58:10+00:00
PM0000550,CL0000711,2025-12-19,214.35,BANK_TRANSFER,FAILED,2025-12-19 07:53:07+00:00
PM0000551,CL0000711,2025-12-27,214.35,BANK_TRANSFER,COMPLETED,2025-12-27 17:29:39+00:00
PM0000552,CL0000713,2025-04-07,903.14,BANK_TRANSFER,COMPLETED,2025-04-07 04:55:58+00:00
PM0000553,CL0000716,2025-10-29,293.08,CARD,COMPLETED,2025-10-29 15:00:19+00:00
PM0000554,CL0000717,2024-08-23,296.54,BANK_TRANSFER,COMPLETED,2024-08-23 01:17:23+00:00
PM0000555,CL0000718,2025-09-28,342.69,CHEQUE,COMPLETED,2025-09-28 02:46:47+00:00
PM0000556,CL0000719,2025-08-25,1652.44,CARD,COMPLETED,2025-08-25 02:41:04+00:00
PM0000557,CL0000720,2025-11-18,4759.25,CARD,FAILED,2025-11-18 22:43:00+00:00
PM0000558,CL0000720,2025-11-24,4759.25,BANK_TRANSFER,COMPLETED,2025-11-24 02:52:28+00:00
PM0000559,CL0000721,2025-05-06,3373.92,E_WALLET,COMPLETED,2025-05-06 18:36:25+00:00
PM0000560,CL0000723,2025-08-15,63.80,BANK_TRANSFER,COMPLETED,2025-08-15 13:40:50+00:00
PM0000561,CL0000724,2025-12-22,4954.58,BANK_TRANSFER,FAILED,2025-12-22 12:39:14+00:00
PM0000562,CL0000724,2026-01-01,4954.58,CARD,COMPLETED,2026-01-01 05:40:06+00:00
PM0000563,CL0000725,2025-02-11,7231.28,CHEQUE,COMPLETED,2025-02-11 18:45:40+00:00
PM0000564,CL0000726,2024-10-25,7016.50,BANK_TRANSFER,COMPLETED,2024-10-25 12:30:15+00:00
PM0000565,CL0000727,2025-07-28,8794.57,CARD,COMPLETED,2025-07-28 01:10:00+00:00
PM0000566,CL0000728,2025-08-15,5593.52,BANK_TRANSFER,COMPLETED,2025-08-15 01:28:46+00:00
PM0000567,CL0000729,2026-01-19,45.34,E_WALLET,PENDING,2026-01-19 04:53:41+00:00
PM0000568,CL0000730,2025-09-26,2551.32,CHEQUE,COMPLETED,2025-09-26 14:31:54+00:00
PM0000569,CL0000731,2025-11-29,7872.86,CHEQUE,COMPLETED,2025-11-29 18:16:06+00:00
PM0000570,CL0000732,2025-12-24,14184.54,E_WALLET,COMPLETED,2025-12-24 22:40:10+00:00
PM0000571,CL0000738,2025-08-23,218.06,BANK_TRANSFER,COMPLETED,2025-08-23 21:02:34+00:00
PM0000572,CL0000740,2026-01-13,1029.19,BANK_TRANSFER,PENDING,2026-01-13 12:08:18+00:00
PM0000573,CL0000741,2026-01-04,10802.66,BANK_TRANSFER,PENDING,2026-01-04 18:21:53+00:00
PM0000574,CL0000742,2025-11-23,2324.30,CHEQUE,COMPLETED,2025-11-23 07:59:53+00:00
PM0000575,CL0000743,2025-08-01,140.83,BANK_TRANSFER,COMPLETED,2025-08-01 13:38:48+00:00
PM0000576,CL0000744,2024-10-22,6368.83,CARD,FAILED,2024-10-22 00:01:17+00:00
PM0000577,CL0000744,2024-10-28,6368.83,BANK_TRANSFER,COMPLETED,2024-10-28 08:37:14+00:00
PM0000578,CL0000745,2025-11-03,238.71,BANK_TRANSFER,FAILED,2025-11-03 09:41:48+00:00
PM0000579,CL0000745,2025-11-08,238.71,BANK_TRANSFER,COMPLETED,2025-11-08 01:36:17+00:00
PM0000580,CL0000746,2025-11-18,158.90,BANK_TRANSFER,COMPLETED,2025-11-18 09:51:52+00:00
PM0000581,CL0000749,2024-12-09,24049.78,BANK_TRANSFER,COMPLETED,2024-12-09 15:36:29+00:00
PM0000582,CL0000750,2025-10-21,376.85,BANK_TRANSFER,COMPLETED,2025-10-21 16:32:05+00:00
PM0000583,CL0000751,2025-02-17,17043.75,BANK_TRANSFER,FAILED,2025-02-17 03:09:39+00:00
PM0000584,CL0000751,2025-02-26,17043.75,BANK_TRANSFER,COMPLETED,2025-02-26 00:22:44+00:00
PM0000585,CL0000754,2025-12-20,50.61,BANK_TRANSFER,FAILED,2025-12-20 02:52:50+00:00
PM0000586,CL0000754,2025-12-27,50.61,BANK_TRANSFER,COMPLETED,2025-12-27 17:39:48+00:00
PM0000587,CL0000756,2025-07-26,7819.61,BANK_TRANSFER,COMPLETED,2025-07-26 04:02:41+00:00
PM0000588,CL0000758,2025-12-14,3431.19,CARD,COMPLETED,2025-12-14 12:00:32+00:00
PM0000589,CL0000759,2025-09-28,68.31,BANK_TRANSFER,COMPLETED,2025-09-28 21:57:57+00:00
PM0000590,CL0000760,2025-12-17,157.35,BANK_TRANSFER,COMPLETED,2025-12-17 22:57:59+00:00
PM0000591,CL0000761,2026-01-09,81.39,CHEQUE,PENDING,2026-01-09 21:43:57+00:00
PM0000592,CL0000763,2025-11-02,592.96,BANK_TRANSFER,COMPLETED,2025-11-02 05:06:59+00:00
PM0000593,CL0000765,2025-08-25,323.23,BANK_TRANSFER,COMPLETED,2025-08-25 06:35:43+00:00
PM0000594,CL0000766,2025-10-07,207.67,BANK_TRANSFER,COMPLETED,2025-10-07 00:11:40+00:00
PM0000595,CL0000767,2025-05-25,2067.72,BANK_TRANSFER,COMPLETED,2025-05-25 08:13:20+00:00
PM0000596,CL0000769,2026-01-09,138.12,BANK_TRANSFER,PENDING,2026-01-09 03:30:24+00:00
PM0000597,CL0000770,2025-05-29,16862.51,BANK_TRANSFER,COMPLETED,2025-05-29 22:14:18+00:00
PM0000598,CL0000771,2025-07-29,790.11,E_WALLET,COMPLETED,2025-07-29 09:31:00+00:00
PM0000599,CL0000773,2025-12-08,5437.64,BANK_TRANSFER,FAILED,2025-12-08 15:55:09+00:00
PM0000600,CL0000773,2025-12-10,5437.64,CARD,COMPLETED,2025-12-10 06:36:07+00:00
PM0000601,CL0000774,2025-12-17,50.00,BANK_TRANSFER,COMPLETED,2025-12-17 14:41:19+00:00
PM0000602,CL0000776,2025-11-24,4555.78,E_WALLET,COMPLETED,2025-11-24 05:59:58+00:00
PM0000603,CL0000778,2026-01-22,5801.42,BANK_TRANSFER,PENDING,2026-01-22 11:58:50+00:00
PM0000604,CL0000780,2026-01-14,82.08,CARD,PENDING,2026-01-14 07:17:22+00:00
PM0000605,CL0000781,2025-12-27,100.80,CARD,COMPLETED,2025-12-27 03:17:14+00:00
PM0000606,CL0000782,2026-01-05,290.19,BANK_TRANSFER,PENDING,2026-01-05 12:39:52+00:00
PM0000607,CL0000786,2025-09-09,51.74,CARD,COMPLETED,2025-09-09 10:01:33+00:00
PM0000608,CL0000787,2025-11-30,245.28,CARD,FAILED,2025-11-30 13:16:19+00:00
PM0000609,CL0000787,2025-12-07,245.28,CHEQUE,COMPLETED,2025-12-07 11:40:40+00:00
PM0000610,CL0000788,2025-02-21,364.32,BANK_TRANSFER,FAILED,2025-02-21 01:16:04+00:00
PM0000611,CL0000788,2025-02-22,364.32,BANK_TRANSFER,COMPLETED,2025-02-22 14:52:27+00:00
PM0000612,CL0000789,2025-12-13,6030.43,BANK_TRANSFER,COMPLETED,2025-12-13 07:16:50+00:00
PM0000613,CL0000791,2025-12-24,250.66,BANK_TRANSFER,COMPLETED,2025-12-24 04:58:07+00:00
PM0000614,CL0000794,2025-12-31,4650.54,CARD,COMPLETED,2025-12-31 17:11:51+00:00
PM0000615,CL0000796,2026-01-18,2465.92,BANK_TRANSFER,PENDING,2026-01-18 18:56:16+00:00
PM0000616,CL0000797,2026-01-23,3766.65,BANK_TRANSFER,PENDING,2026-01-23 19:14:20+00:00
PM0000617,CL0000798,2025-09-12,8387.14,BANK_TRANSFER,COMPLETED,2025-09-12 04:46:28+00:00
PM0000618,CL0000800,2025-04-11,1531.90,CARD,COMPLETED,2025-04-11 18:05:49+00:00
PM0000619,CL0000802,2025-07-08,3759.25,BANK_TRANSFER,COMPLETED,2025-07-08 16:49:09+00:00
PM0000620,CL0000805,2026-01-10,498.20,CARD,PENDING,2026-01-10 03:14:57+00:00
PM0000621,CL0000806,2025-12-14,2213.88,E_WALLET,COMPLETED,2025-12-14 02:56:15+00:00
PM0000622,CL0000809,2025-09-13,708.60,BANK_TRANSFER,COMPLETED,2025-09-13 06:40:22+00:00
PM0000623,CL0000810,2025-11-07,20963.61,BANK_TRANSFER,FAILED,2025-11-07 03:58:32+00:00
PM0000624,CL0000810,2025-11-12,20963.61,CARD,COMPLETED,2025-11-12 22:20:37+00:00
PM0000625,CL0000812,2025-04-23,161.40,BANK_TRANSFER,COMPLETED,2025-04-23 01:56:52+00:00
PM0000626,CL0000813,2025-07-01,1000.00,E_WALLET,FAILED,2025-07-01 21:03:16+00:00
PM0000627,CL0000813,2025-07-05,1000.00,E_WALLET,COMPLETED,2025-07-05 17:26:40+00:00
PM0000628,CL0000814,2025-12-09,195.04,BANK_TRANSFER,COMPLETED,2025-12-09 16:56:39+00:00
PM0000629,CL0000815,2025-01-17,18068.65,E_WALLET,COMPLETED,2025-01-17 19:39:35+00:00
PM0000630,CL0000817,2025-09-07,13514.88,BANK_TRANSFER,COMPLETED,2025-09-07 05:53:00+00:00
PM0000631,CL0000818,2025-10-22,410.73,CARD,COMPLETED,2025-10-22 18:22:48+00:00
PM0000632,CL0000819,2025-11-27,41.18,BANK_TRANSFER,FAILED,2025-11-27 13:38:44+00:00
PM0000633,CL0000819,2025-12-05,41.18,CARD,COMPLETED,2025-12-05 11:29:24+00:00
PM0000634,CL0000820,2025-11-29,84.37,E_WALLET,COMPLETED,2025-11-29 18:51:21+00:00
PM0000635,CL0000821,2025-12-04,883.64,BANK_TRANSFER,COMPLETED,2025-12-04 15:40:15+00:00
PM0000636,CL0000822,2024-11-18,131.77,CARD,COMPLETED,2024-11-18 21:25:30+00:00
PM0000637,CL0000823,2024-09-24,119.88,BANK_TRANSFER,COMPLETED,2024-09-24 02:43:58+00:00
PM0000638,CL0000825,2026-01-17,1204.47,E_WALLET,PENDING,2026-01-17 17:33:54+00:00
PM0000639,CL0000826,2025-08-09,11508.67,E_WALLET,COMPLETED,2025-08-09 22:42:41+00:00
PM0000640,CL0000827,2025-09-04,6505.71,BANK_TRANSFER,COMPLETED,2025-09-04 08:22:19+00:00
PM0000641,CL0000828,2025-11-22,185.54,E_WALLET,COMPLETED,2025-11-22 12:48:40+00:00
PM0000642,CL0000831,2025-10-24,1683.44,E_WALLET,COMPLETED,2025-10-24 12:03:38+00:00
PM0000643,CL0000833,2025-12-07,3100.40,BANK_TRANSFER,FAILED,2025-12-07 22:28:18+00:00
PM0000644,CL0000833,2025-12-12,3100.40,BANK_TRANSFER,COMPLETED,2025-12-12 07:37:56+00:00
PM0000645,CL0000834,2025-06-05,1643.69,BANK_TRANSFER,COMPLETED,2025-06-05 12:09:40+00:00
PM0000646,CL0000835,2025-09-28,1160.82,BANK_TRANSFER,COMPLETED,2025-09-28 14:26:33+00:00
PM0000647,CL0000836,2025-06-06,13851.80,BANK_TRANSFER,COMPLETED,2025-06-06 19:00:50+00:00
PM0000648,CL0000837,2025-11-27,6544.75,E_WALLET,FAILED,2025-11-27 20:42:49+00:00
PM0000649,CL0000837,2025-11-28,6544.75,BANK_TRANSFER,COMPLETED,2025-11-28 06:30:02+00:00
PM0000650,CL0000839,2025-10-26,14533.44,BANK_TRANSFER,COMPLETED,2025-10-26 23:14:08+00:00
PM0000651,CL0000840,2025-12-29,838.01,BANK_TRANSFER,COMPLETED,2025-12-29 13:37:40+00:00
PM0000652,CL0000841,2025-12-03,9847.97,CARD,COMPLETED,2025-12-03 16:46:46+00:00
PM0000653,CL0000845,2024-09-19,5512.15,BANK_TRANSFER,COMPLETED,2024-09-19 06:00:03+00:00
PM0000654,CL0000846,2025-09-15,76.63,BANK_TRANSFER,COMPLETED,2025-09-15 22:59:28+00:00
PM0000655,CL0000848,2025-12-23,244.34,BANK_TRANSFER,COMPLETED,2025-12-23 01:56:54+00:00
PM0000656,CL0000849,2025-09-02,1749.13,BANK_TRANSFER,FAILED,2025-09-02 20:28:31+00:00
PM0000657,CL0000849,2025-09-06,1749.13,CHEQUE,COMPLETED,2025-09-06 19:38:29+00:00
PM0000658,CL0000850,2026-01-12,4181.78,BANK_TRANSFER,PENDING,2026-01-12 02:38:34+00:00
PM0000659,CL0000851,2025-10-09,79.08,CARD,COMPLETED,2025-10-09 01:03:22+00:00
PM0000660,CL0000852,2025-01-27,3474.13,E_WALLET,COMPLETED,2025-01-27 10:02:16+00:00
PM0000661,CL0000856,2025-03-15,2238.40,BANK_TRANSFER,COMPLETED,2025-03-15 15:19:54+00:00
PM0000662,CL0000858,2025-12-30,50.00,CARD,COMPLETED,2025-12-30 08:59:20+00:00
PM0000663,CL0000862,2025-12-17,115.59,BANK_TRANSFER,FAILED,2025-12-17 19:57:45+00:00
PM0000664,CL0000862,2025-12-19,115.59,BANK_TRANSFER,COMPLETED,2025-12-19 14:34:27+00:00
PM0000665,CL0000863,2026-01-03,2372.25,CARD,PENDING,2026-01-03 21:45:49+00:00
PM0000666,CL0000864,2025-09-22,2275.41,BANK_TRANSFER,COMPLETED,2025-09-22 21:57:49+00:00
PM0000667,CL0000867,2025-09-29,127.31,BANK_TRANSFER,COMPLETED,2025-09-29 20:48:52+00:00
PM0000668,CL0000868,2025-05-11,10307.05,CHEQUE,COMPLETED,2025-05-11 22:48:31+00:00
PM0000669,CL0000869,2025-01-21,269.21,BANK_TRANSFER,COMPLETED,2025-01-21 03:00:27+00:00
PM0000670,CL0000871,2025-06-25,449.07,BANK_TRANSFER,COMPLETED,2025-06-25 04:07:52+00:00
PM0000671,CL0000872,2025-11-05,239.37,BANK_TRANSFER,FAILED,2025-11-05 08:44:28+00:00
PM0000672,CL0000872,2025-11-13,239.37,BANK_TRANSFER,COMPLETED,2025-11-13 23:38:40+00:00
PM0000673,CL0000873,2026-01-08,5253.80,E_WALLET,PENDING,2026-01-08 18:53:02+00:00
PM0000674,CL0000875,2025-03-10,181.72,BANK_TRANSFER,COMPLETED,2025-03-10 20:26:47+00:00
PM0000675,CL0000876,2025-09-05,2045.11,BANK_TRANSFER,FAILED,2025-09-05 10:01:26+00:00
PM0000676,CL0000876,2025-09-15,2045.11,E_WALLET,COMPLETED,2025-09-15 14:00:30+00:00
PM0000677,CL0000878,2025-11-24,5170.10,BANK_TRANSFER,COMPLETED,2025-11-24 23:05:01+00:00
PM0000678,CL0000879,2025-05-23,509.18,CHEQUE,COMPLETED,2025-05-23 09:05:25+00:00
PM0000679,CL0000880,2026-01-09,244.48,BANK_TRANSFER,PENDING,2026-01-09 19:21:57+00:00
PM0000680,CL0000881,2026-01-24,5262.95,CHEQUE,PENDING,2026-01-24 20:21:19+00:00
PM0000681,CL0000882,2026-01-03,224.21,BANK_TRANSFER,PENDING,2026-01-03 15:20:21+00:00
PM0000682,CL0000883,2025-12-18,77.96,BANK_TRANSFER,COMPLETED,2025-12-18 20:23:02+00:00
PM0000683,CL0000884,2025-08-24,1837.63,BANK_TRANSFER,COMPLETED,2025-08-24 13:26:02+00:00
PM0000684,CL0000885,2025-09-30,2800.18,BANK_TRANSFER,COMPLETED,2025-09-30 22:02:01+00:00
PM0000685,CL0000887,2025-12-29,1505.55,E_WALLET,COMPLETED,2025-12-29 07:22:32+00:00
PM0000686,CL0000889,2025-12-18,3542.06,CARD,COMPLETED,2025-12-18 06:59:00+00:00
PM0000687,CL0000890,2025-12-07,1411.41,E_WALLET,COMPLETED,2025-12-07 09:14:34+00:00
PM0000688,CL0000891,2025-10-08,12271.45,CARD,COMPLETED,2025-10-08 21:56:52+00:00
PM0000689,CL0000892,2025-11-22,772.73,CARD,FAILED,2025-11-22 18:26:55+00:00
PM0000690,CL0000892,2025-11-30,772.73,BANK_TRANSFER,COMPLETED,2025-11-30 15:14:00+00:00
PM0000691,CL0000893,2025-10-11,176.35,CHEQUE,COMPLETED,2025-10-11 09:59:45+00:00
PM0000692,CL0000894,2025-10-08,3837.41,E_WALLET,COMPLETED,2025-10-08 12:08:01+00:00
PM0000693,CL0000895,2025-11-21,596.65,BANK_TRANSFER,COMPLETED,2025-11-21 16:55:06+00:00
PM0000694,CL0000897,2025-07-05,70.88,BANK_TRANSFER,COMPLETED,2025-07-05 14:12:37+00:00
PM0000695,CL0000898,2025-09-28,4658.93,BANK_TRANSFER,COMPLETED,2025-09-28 17:15:18+00:00
PM0000696,CL0000899,2026-01-30,11068.32,BANK_TRANSFER,PENDING,2026-01-30 15:33:55+00:00
PM0000697,CL0000900,2025-11-20,184.11,CHEQUE,COMPLETED,2025-11-20 05:52:01+00:00
PM0000698,CL0000905,2025-01-25,16405.56,E_WALLET,COMPLETED,2025-01-25 02:27:52+00:00
PM0000699,CL0000906,2025-08-11,21685.69,CARD,COMPLETED,2025-08-11 18:56:18+00:00
PM0000700,CL0000908,2025-09-05,9903.74,BANK_TRANSFER,COMPLETED,2025-09-05 23:42:52+00:00
PM0000701,CL0000909,2025-09-22,50.00,BANK_TRANSFER,COMPLETED,2025-09-22 18:50:44+00:00
PM0000702,CL0000910,2025-06-23,1660.59,BANK_TRANSFER,COMPLETED,2025-06-23 09:27:13+00:00
PM0000703,CL0000911,2025-09-13,1000.00,BANK_TRANSFER,COMPLETED,2025-09-13 00:43:15+00:00
PM0000704,CL0000912,2025-12-18,3936.46,CHEQUE,FAILED,2025-12-18 04:04:07+00:00
PM0000705,CL0000912,2025-12-27,3936.46,BANK_TRANSFER,COMPLETED,2025-12-27 22:15:12+00:00
PM0000706,CL0000913,2025-11-22,5555.95,BANK_TRANSFER,COMPLETED,2025-11-22 12:22:45+00:00
PM0000707,CL0000915,2025-12-06,196.81,CARD,FAILED,2025-12-06 05:00:23+00:00
PM0000708,CL0000915,2025-12-07,196.81,CHEQUE,COMPLETED,2025-12-07 23:02:56+00:00
PM0000709,CL0000917,2025-10-17,5431.95,E_WALLET,COMPLETED,2025-10-17 21:36:19+00:00
PM0000710,CL0000918,2025-12-02,1191.15,E_WALLET,COMPLETED,2025-12-02 09:21:20+00:00
PM0000711,CL0000919,2025-12-03,154.00,CARD,FAILED,2025-12-03 21:47:40+00:00
PM0000712,CL0000919,2025-12-04,154.00,BANK_TRANSFER,COMPLETED,2025-12-04 08:53:20+00:00
PM0000713,CL0000920,2025-12-19,5664.93,CHEQUE,COMPLETED,2025-12-19 17:32:06+00:00
PM0000714,CL0000921,2025-06-28,2530.21,CHEQUE,COMPLETED,2025-06-28 15:24:35+00:00
PM0000715,CL0000922,2025-12-13,219.84,BANK_TRANSFER,COMPLETED,2025-12-13 15:29:52+00:00
PM0000716,CL0000923,2025-12-04,500.00,E_WALLET,COMPLETED,2025-12-04 21:34:49+00:00
PM0000717,CL0000924,2025-07-23,137.31,CARD,COMPLETED,2025-07-23 00:30:30+00:00
PM0000718,CL0000925,2025-07-03,4842.45,CARD,COMPLETED,2025-07-03 07:59:15+00:00
PM0000719,CL0000927,2025-11-20,7109.92,BANK_TRANSFER,COMPLETED,2025-11-20 02:15:00+00:00
PM0000720,CL0000928,2025-12-02,191.00,BANK_TRANSFER,COMPLETED,2025-12-02 09:43:31+00:00
PM0000721,CL0000929,2025-11-28,3707.08,BANK_TRANSFER,FAILED,2025-11-28 20:22:42+00:00
PM0000722,CL0000929,2025-12-08,3707.08,E_WALLET,COMPLETED,2025-12-08 02:24:57+00:00
PM0000723,CL0000930,2025-06-23,9462.79,CARD,COMPLETED,2025-06-23 07:57:58+00:00
PM0000724,CL0000931,2026-01-04,139.71,CARD,PENDING,2026-01-04 03:45:02+00:00
PM0000725,CL0000934,2025-10-24,330.20,CARD,FAILED,2025-10-24 22:13:15+00:00
PM0000726,CL0000934,2025-10-29,330.20,BANK_TRANSFER,COMPLETED,2025-10-29 17:42:21+00:00
PM0000727,CL0000935,2025-03-19,2801.65,BANK_TRANSFER,COMPLETED,2025-03-19 20:21:27+00:00
PM0000728,CL0000936,2025-11-24,9187.39,BANK_TRANSFER,COMPLETED,2025-11-24 07:57:55+00:00
PM0000729,CL0000937,2025-09-02,1690.87,BANK_TRANSFER,COMPLETED,2025-09-02 00:38:58+00:00
PM0000730,CL0000939,2024-12-09,203.56,BANK_TRANSFER,COMPLETED,2024-12-09 19:04:04+00:00
PM0000731,CL0000941,2025-01-26,1015.26,BANK_TRANSFER,COMPLETED,2025-01-26 15:49:13+00:00
PM0000732,CL0000942,2025-10-06,25119.84,BANK_TRANSFER,COMPLETED,2025-10-06 12:06:23+00:00
PM0000733,CL0000944,2026-01-02,1954.72,BANK_TRANSFER,PENDING,2026-01-02 00:25:52+00:00
PM0000734,CL0000947,2026-01-10,1618.54,BANK_TRANSFER,PENDING,2026-01-10 01:48:01+00:00
PM0000735,CL0000949,2025-12-28,50.00,CARD,COMPLETED,2025-12-28 10:04:42+00:00
PM0000736,CL0000950,2025-12-21,50.00,BANK_TRANSFER,COMPLETED,2025-12-21 17:04:01+00:00
PM0000737,CL0000951,2025-11-25,248.92,BANK_TRANSFER,COMPLETED,2025-11-25 05:52:26+00:00
PM0000738,CL0000952,2024-10-06,3888.67,BANK_TRANSFER,COMPLETED,2024-10-06 09:45:13+00:00
PM0000739,CL0000959,2025-12-23,5528.34,CARD,COMPLETED,2025-12-23 12:13:26+00:00
PM0000740,CL0000960,2026-01-28,3324.65,BANK_TRANSFER,PENDING,2026-01-28 12:11:44+00:00
PM0000741,CL0000961,2026-01-23,5292.40,BANK_TRANSFER,PENDING,2026-01-23 21:25:19+00:00
PM0000742,CL0000963,2025-04-09,214.03,BANK_TRANSFER,COMPLETED,2025-04-09 22:32:36+00:00
PM0000743,CL0000965,2025-12-22,109.76,CARD,COMPLETED,2025-12-22 02:45:00+00:00
PM0000744,CL0000967,2025-11-28,4460.38,BANK_TRANSFER,COMPLETED,2025-11-28 01:34:17+00:00
PM0000745,CL0000970,2025-11-14,1557.74,E_WALLET,COMPLETED,2025-11-14 20:12:55+00:00
PM0000746,CL0000971,2026-01-18,777.82,BANK_TRANSFER,PENDING,2026-01-18 16:52:27+00:00
PM0000747,CL0000972,2026-01-26,182.32,BANK_TRANSFER,PENDING,2026-01-26 19:28:08+00:00
PM0000748,CL0000975,2025-12-04,50.00,BANK_TRANSFER,COMPLETED,2025-12-04 10:57:57+00:00
PM0000749,CL0000977,2025-05-09,44.26,BANK_TRANSFER,COMPLETED,2025-05-09 16:26:34+00:00
PM0000750,CL0000978,2025-05-18,287.22,BANK_TRANSFER,COMPLETED,2025-05-18 07:55:40+00:00
PM0000751,CL0000980,2025-11-15,6460.68,BANK_TRANSFER,COMPLETED,2025-11-15 06:59:16+00:00
PM0000752,CL0000982,2025-07-14,132.90,BANK_TRANSFER,FAILED,2025-07-14 21:40:41+00:00
PM0000753,CL0000982,2025-07-23,132.90,E_WALLET,COMPLETED,2025-07-23 15:42:10+00:00
PM0000754,CL0000983,2025-09-14,690.82,CARD,COMPLETED,2025-09-14 22:53:12+00:00
PM0000755,CL0000984,2025-07-07,611.91,CARD,COMPLETED,2025-07-07 00:13:58+00:00
PM0000756,CL0000985,2026-01-04,6066.68,BANK_TRANSFER,PENDING,2026-01-04 00:24:31+00:00
PM0000757,CL0000986,2025-11-28,15000.00,CHEQUE,COMPLETED,2025-11-28 12:19:01+00:00
PM0000758,CL0000988,2025-12-20,250.89,CARD,COMPLETED,2025-12-20 19:55:15+00:00
PM0000759,CL0000990,2025-02-12,1673.52,BANK_TRANSFER,COMPLETED,2025-02-12 16:44:50+00:00
PM0000760,CL0000991,2025-12-27,1000.00,BANK_TRANSFER,FAILED,2025-12-27 07:09:41+00:00
PM0000761,CL0000991,2025-12-31,1000.00,BANK_TRANSFER,COMPLETED,2025-12-31 02:17:08+00:00
PM0000762,CL0000993,2026-01-11,1783.63,CARD,PENDING,2026-01-11 03:23:04+00:00
PM0000763,CL0000994,2025-10-13,756.98,E_WALLET,COMPLETED,2025-10-13 07:03:57+00:00
PM0000764,CL0000996,2025-12-28,107.75,CARD,COMPLETED,2025-12-28 09:12:01+00:00
PM0000765,CL0000997,2026-01-17,178.45,BANK_TRANSFER,PENDING,2026-01-17 13:15:39+00:00
PM0000766,CL0000999,2026-01-03,257.06,BANK_TRANSFER,PENDING,2026-01-03 21:54:08+00:00
PM0000767,CL0001002,2025-11-23,430.49,BANK_TRANSFER,COMPLETED,2025-11-23 15:05:48+00:00
PM0000768,CL0001003,2026-01-23,2675.94,CHEQUE,PENDING,2026-01-23 12:46:15+00:00
PM0000769,CL0001004,2026-01-12,181.19,CARD,PENDING,2026-01-12 02:14:58+00:00
PM0000770,CL0001006,2026-01-14,80.65,BANK_TRANSFER,PENDING,2026-01-14 17:43:35+00:00
PM0000771,CL0001007,2025-11-23,6895.26,BANK_TRANSFER,COMPLETED,2025-11-23 07:12:03+00:00
PM0000772,CL0001008,2025-12-24,314.21,BANK_TRANSFER,COMPLETED,2025-12-24 16:03:49+00:00
PM0000773,CL0001009,2025-06-02,661.70,BANK_TRANSFER,FAILED,2025-06-02 04:05:31+00:00
PM0000774,CL0001009,2025-06-05,661.70,BANK_TRANSFER,COMPLETED,2025-06-05 13:17:22+00:00
PM0000775,CL0001010,2025-10-17,739.22,CHEQUE,COMPLETED,2025-10-17 06:57:28+00:00
PM0000776,CL0001012,2025-11-26,3413.20,CARD,COMPLETED,2025-11-26 00:54:22+00:00
PM0000777,CL0001014,2024-07-01,3374.03,BANK_TRANSFER,FAILED,2024-07-01 20:09:01+00:00
PM0000778,CL0001014,2024-07-09,3374.03,E_WALLET,COMPLETED,2024-07-09 11:50:43+00:00
PM0000779,CL0001015,2026-01-16,1382.09,E_WALLET,PENDING,2026-01-16 14:31:45+00:00
PM0000780,CL0001018,2025-12-29,497.91,BANK_TRANSFER,COMPLETED,2025-12-29 15:51:04+00:00
PM0000781,CL0001019,2026-01-14,413.14,BANK_TRANSFER,PENDING,2026-01-14 22:46:48+00:00
PM0000782,CL0001021,2025-12-18,19112.46,CARD,FAILED,2025-12-18 15:52:34+00:00
PM0000783,CL0001021,2025-12-26,19112.46,BANK_TRANSFER,COMPLETED,2025-12-26 08:28:54+00:00
PM0000784,CL0001022,2026-01-23,1377.48,BANK_TRANSFER,PENDING,2026-01-23 06:43:17+00:00
PM0000785,CL0001023,2025-06-18,25542.23,BANK_TRANSFER,COMPLETED,2025-06-18 18:58:37+00:00
PM0000786,CL0001024,2024-12-27,120.31,BANK_TRANSFER,COMPLETED,2024-12-27 04:19:39+00:00
PM0000787,CL0001025,2025-08-27,14331.32,BANK_TRANSFER,FAILED,2025-08-27 22:44:04+00:00
PM0000788,CL0001025,2025-08-28,14331.32,CARD,COMPLETED,2025-08-28 00:48:40+00:00
PM0000789,CL0001027,2025-10-30,322.06,BANK_TRANSFER,COMPLETED,2025-10-30 18:46:10+00:00
PM0000790,CL0001029,2025-12-09,50.00,E_WALLET,COMPLETED,2025-12-09 13:44:35+00:00
PM0000791,CL0001030,2025-04-22,3305.89,BANK_TRANSFER,COMPLETED,2025-04-22 14:51:37+00:00
PM0000792,CL0001032,2026-01-03,2536.65,E_WALLET,PENDING,2026-01-03 00:58:10+00:00
PM0000793,CL0001033,2024-12-22,1971.96,CARD,COMPLETED,2024-12-22 07:49:55+00:00
PM0000794,CL0001034,2025-11-18,851.47,BANK_TRANSFER,COMPLETED,2025-11-18 14:51:03+00:00
PM0000795,CL0001035,2025-10-04,1737.36,BANK_TRANSFER,COMPLETED,2025-10-04 02:37:39+00:00
PM0000796,CL0001036,2025-10-18,745.57,CHEQUE,COMPLETED,2025-10-18 10:34:02+00:00
PM0000797,CL0001037,2026-01-07,1452.94,E_WALLET,PENDING,2026-01-07 17:04:20+00:00
PM0000798,CL0001038,2025-05-11,7348.51,E_WALLET,COMPLETED,2025-05-11 23:32:09+00:00
PM0000799,CL0001039,2025-03-09,3624.90,CARD,COMPLETED,2025-03-09 12:47:38+00:00
PM0000800,CL0001040,2026-01-09,1865.63,CARD,PENDING,2026-01-09 07:07:12+00:00
PM0000801,CL0001041,2026-01-20,2466.25,BANK_TRANSFER,PENDING,2026-01-20 08:11:08+00:00
PM0000802,CL0001043,2025-12-01,3869.50,CARD,COMPLETED,2025-12-01 09:32:53+00:00
PM0000803,CL0001044,2025-12-13,6380.47,CARD,FAILED,2025-12-13 07:42:17+00:00
PM0000804,CL0001044,2025-12-15,6380.47,BANK_TRANSFER,COMPLETED,2025-12-15 05:00:46+00:00
PM0000805,CL0001046,2024-11-24,2176.54,BANK_TRANSFER,COMPLETED,2024-11-24 22:09:42+00:00
PM0000806,CL0001048,2025-05-30,30910.51,CHEQUE,COMPLETED,2025-05-30 02:14:31+00:00
PM0000807,CL0001049,2026-01-10,230.45,E_WALLET,PENDING,2026-01-10 23:26:52+00:00
PM0000808,CL0001050,2025-12-25,113.95,E_WALLET,FAILED,2025-12-25 09:41:32+00:00
PM0000809,CL0001050,2025-12-31,113.95,E_WALLET,COMPLETED,2025-12-31 23:49:58+00:00
PM0000810,CL0001052,2026-01-19,274.98,BANK_TRANSFER,PENDING,2026-01-19 08:06:21+00:00
PM0000811,CL0001054,2025-08-15,2298.83,BANK_TRANSFER,COMPLETED,2025-08-15 19:53:51+00:00
PM0000812,CL0001056,2026-01-22,1422.56,CHEQUE,PENDING,2026-01-22 23:43:13+00:00
PM0000813,CL0001058,2025-12-12,643.86,BANK_TRANSFER,COMPLETED,2025-12-12 00:17:14+00:00
PM0000814,CL0001059,2025-09-18,8812.24,CARD,COMPLETED,2025-09-18 15:23:17+00:00
